"Set","Predicted","Original"
"Train",4.74904403259018,5.1721
"Train",4.78647661041389,5.2513
"Train",4.96025212326972,5.3481
"Train",5.15431946811549,5.8035
"Train",5.23934317949375,5.5451
"Train",5.53480774958333,5.5898
"Train",5.62960008084039,5.5212
"Train",5.49662121151408,5.5442
"Train",5.64761992030497,5.4493
"Train",5.47505466216013,5.4843
"Train",5.46917528901318,5.8182
"Train",5.40355041228457,6.0363
"Train",5.67431883441506,6.3979
"Train",5.87624367107379,6.4072
"Train",6.21986816283275,6.3067
"Train",6.47698567020734,6.1459
"Train",6.37577582904802,5.9579
"Train",6.31226084023203,5.8477
"Train",6.06805671902445,5.7921
"Train",5.84726012470247,5.8637
"Train",5.7692002758101,6.0475
"Train",5.77675883786939,6.0303
"Train",5.8551770232741,5.9777
"Train",6.06313480587079,6.0124
"Train",6.0013900120655,6.1234
"Train",5.98356134860618,6.2442
"Train",6.10180102191688,6.3661
"Train",6.29968651498014,6.4521
"Train",6.38978286836249,6.4647
"Train",6.48246088779937,6.5183
"Train",6.48580472992777,6.4966
"Train",6.49628338696991,6.5901
"Train",6.47231370783081,6.5805
"Train",6.42080014823771,6.5119
"Train",6.46436615789966,6.4689
"Train",6.41756879975869,6.3889
"Train",6.3117912740439,6.1478
"Train",6.25425393232136,5.9643
"Train",6.1060558730092,5.744
"Train",5.88216317538218,5.647
"Train",5.66894505070351,5.5571
"Train",5.4662144308821,5.5335
"Train",5.27839364351075,5.4914
"Train",5.1698720311353,5.5196
"Train",5.27977706260337,5.5021
"Train",5.29110858582436,5.4951
"Train",5.2916761099656,5.501
"Train",5.29305700111105,5.4978
"Train",5.36105625222568,5.4069
"Train",5.39361241994491,5.4072
"Train",5.35575072308791,5.5477
"Train",5.33319764234813,5.5774
"Train",5.31856778004793,5.6706
"Train",5.40693154163383,6.0195
"Train",5.53585684766179,6.2177
"Train",5.77896194383416,5.75
"Train",6.02290505449571,5.6512
"Train",5.88726899669296,5.567
"Train",5.60419547568494,5.5995
"Train",5.61978342996523,5.4524
"Train",5.34884247543991,5.3726
"Train",5.41557901693962,5.3429
"Train",5.25600930324504,5.2353
"Train",5.30919478390234,5.1865
"Train",5.11655762517197,5.1221
"Train",5.11123124047,5.2116
"Train",5.00222173428938,5.0589
"Train",5.08607690208507,4.9949
"Train",5.06082018183947,4.8744
"Train",4.94961894545639,4.8201
"Train",4.87693730418312,4.662
"Train",4.80020652351907,4.7036
"Train",4.61323196646523,4.5025
"Train",4.64467457345299,4.4773
"Train",4.47169346799753,4.4052
"Train",4.44119125735962,4.2902
"Train",4.31078457428593,4.2361
"Train",4.29123343081886,4.2715
"Train",4.20146729053651,4.4958
"Train",4.04835205797166,4.7508
"Train",4.25176711949125,4.8726
"Train",4.53693093682127,4.9318
"Train",4.67585364194754,5.0496
"Train",4.76069470914227,5.254
"Train",4.93190498760022,5.3237
"Train",5.16961102058927,5.255
"Train",5.34937713626785,5.2663
"Train",5.35043318620105,5.4552
"Train",5.32463295731239,5.5615
"Train",5.42714879918204,5.6304
"Train",5.59744396076191,5.6587
"Train",5.62972395025206,5.7204
"Train",5.67915542935149,5.8354
"Train",5.74209878611208,5.7136
"Train",5.80294837062331,5.939
"Train",5.83368820829585,5.9545
"Train",5.85447994184004,6.057
"Train",6.01488577406342,6.0685
"Train",6.05598261132021,6.0747
"Train",6.19661389274475,5.976
"Train",6.14841067997996,5.7981
"Train",6.09182953427713,5.8993
"Train",5.86493932328496,5.7667
"Train",5.82540159744959,5.6556
"Train",5.73805470261564,5.7206
"Train",5.66182255953226,5.8126
"Train",5.64027876170291,5.9367
"Train",5.54707334928622,5.9912
"Train",5.76184015760421,6.065
"Train",5.87081806444511,6.1151
"Train",5.90628200340472,6.1677
"Train",5.9707768877452,6.24
"Train",6.09528808200869,6.1624
"Train",6.20368930089983,6.2059
"Train",6.16511693489269,6.3276
"Train",6.15105870464789,6.1818
"Train",6.25269039699237,6.1563
"Train",6.23958172690594,6.1169
"Train",6.19618635367844,6.0908
"Train",6.21592646119699,6.0959
"Train",6.13069229821624,6.0427
"Train",6.1624208792284,6.2064
"Train",6.13332294324732,6.5433
"Train",6.15743418742833,6.5452
"Train",6.40860596304257,6.5094
"Train",6.51079980764054,6.4463
"Train",6.50795017918525,6.4928
"Train",6.57127999587053,6.4467
"Train",6.4845581359761,6.5335
"Train",6.41664862698625,6.6078
"Train",6.39170474020382,6.6119
"Train",6.48461248684041,6.5232
"Train",6.53813671241943,6.585
"Train",6.54416902637059,6.3989
"Train",6.53027100477813,6.424
"Train",6.56411832151803,6.4641
"Train",6.46169790965432,6.3026
"Train",6.57609573524275,6.0381
"Train",6.40835980418621,6.103
"Train",6.16942139694836,6.1762
"Train",6.01035253278823,6.2041
"Train",6.04687915754237,6.1044
"Train",6.09618013136878,6.0209
"Train",6.1535101814228,6.0609
"Train",6.09162951045675,6.2522
"Train",6.11385617001729,6.2997
"Train",6.18039173971643,6.3408
"Train",6.33581372408031,6.5138
"Train",6.38934268956029,6.5855
"Train",6.54855469872932,6.2556
"Train",6.65635679413951,6.1487
"Train",6.51538455583946,6.2417
"Train",6.34561741922619,6.2688
"Train",6.44791048575086,6.2346
"Train",6.39177489073798,6.5136
"Train",6.29418412195596,7.2609
"Train",6.43169496858387,7.3049
"Train",6.93710839566544,6.7556
"Train",7.29289294533266,6.9071
"Train",7.19138859832722,7.2168
"Train",7.20952345938836,7.6283
"Train",7.33089020335703,8.3053
"Train",7.43099185567262,9.1673
"Train",7.99296525689941,7.8818
"Train",8.9273575742083,8.793
"Train",8.6048572410473,8.6537
"Train",8.37837039562656,8.5967
"Train",9.26549247067567,8.0763
"Train",8.42186562276755,7.7363
"Train",8.33356316390069,7.6343
"Train",7.77790963061645,7.5747
"Train",7.70947494060058,7.9196
"Train",7.58011040375061,7.7963
"Train",7.58448501634044,8.1262
"Train",7.6944026875444,8.0454
"Train",7.94716327795939,8.0126
"Train",8.21122537222264,8.0906
"Train",8.13083917994062,8.1005
"Train",8.2645252424897,8.1429
"Train",8.08608787904605,8.0609
"Train",8.16180526888551,7.9277
"Train",8.17030896719561,8.121
"Train",8.10717064250899,8.2195
"Train",8.0816604955589,8.0942
"Train",8.19656422657613,8.1971
"Train",8.19567786509718,8.2986
"Train",8.33123366057707,8.536
"Train",8.30369357204383,8.4707
"Train",8.45975196710953,8.4221
"Train",8.66127723011759,8.1456
"Train",8.6442151666397,8.2235
"Train",8.56850867857244,8.0865
"Train",8.45924669366752,7.9721
"Train",8.46320103503917,7.8724
"Train",8.23631493196116,7.8026
"Train",8.01582959113536,7.7666
"Train",7.96374218753307,7.7816
"Train",7.94919448351613,7.9085
"Train",7.99444852990553,8.1883
"Train",8.00294843629486,8.7751
"Train",8.27701772545174,10.13
"Train",8.70909556292469,9.7235
"Train",9.67446581893086,9.8153
"Train",10.1924805886998,9.3657
"Train",9.96249079847517,9.9056
"Train",10.206773681037,9.7472
"Train",10.038702243991,9.9081
"Train",10.1750192675646,9.9405
"Train",9.91738842891639,10.028
"Train",10.1647125109305,10.607
"Train",10.0132530837666,10.096
"Train",10.4155087283923,10.772
"Train",10.4024367135399,10.723
"Train",10.4675773303874,12.093
"Train",11.118532043046,11.407
"Train",11.6027361315595,11.174
"Train",12.1066782143857,11.199
"Train",11.2824484730383,10.89
"Train",11.7469501856199,11.1
"Train",11.1453161494697,11.344
"Train",11.0451529154722,11.818
"Train",11.4142637065545,12.03
"Train",11.6530222148015,12.801
"Train",12.152758899502,13.072
"Train",12.6186726779525,13.108
"Train",13.2941674970808,14.275
"Train",13.379914043355,14.255
"Train",14.4866327278005,14.819
"Train",15.0410570467699,16.06
"Train",14.9720428248637,16.095
"Train",16.3889098185732,17.207
"Train",16.7735414054642,17.13
"Train",17.156745334187,17.627
"Train",18.212744708443,17.782
"Train",17.6489006263052,18.327
"Train",18.5378760026285,18.05
"Train",18.4881961527189,18.31
"Train",18.5135533588648,19.047
"Train",18.3118768930162,19.02
"Train",19.264689887414,19.192
"Train",19.0392759975732,19.268
"Train",19.0435671879062,18.834
"Train",19.654706001792,18.584
"Train",18.9034317001217,18.364
"Train",18.4795303497961,18.259
"Train",18.251881122664,17.89
"Train",18.0983664744452,18.199
"Train",17.8675288739361,17.596
"Train",17.6850117197422,17.325
"Train",17.8216264090958,16.714
"Train",17.058908722542,16.067
"Train",16.8528829235753,15.933
"Train",15.9084074149608,15.731
"Train",15.7494895956445,15.767
"Train",15.686091208392,15.563
"Train",15.5882925159547,16.003
"Train",15.5642074992257,16.376
"Train",16.0509055853756,16.091
"Train",16.3651932501452,16.263
"Train",16.3147973591978,16.172
"Train",16.3066946565086,16.394
"Train",16.7697058776099,16.683
"Train",16.3357698409651,16.679
"Train",17.0058875584512,16.173
"Train",17.0233834808633,16.245
"Train",16.6148684810307,15.712
"Train",16.4591162835668,15.243
"Train",16.1663654647717,14.711
"Train",15.2263302953736,14.53
"Train",14.9182822362237,13.991
"Train",14.4439739351817,13.725
"Train",14.0378712289427,13.625
"Train",13.5986272932097,13.588
"Train",13.7259064316354,14.141
"Train",13.6928481504081,15.409
"Train",14.1974213510467,16.111
"Train",15.5325263172231,16.603
"Train",16.8320570627442,17.223
"Train",17.4713584721557,17.509
"Train",18.2644273245036,16.868
"Train",18.2204991864085,16.528
"Train",17.4906808364032,16.393
"Train",16.7295424848482,17.104
"Train",16.5859335976425,17.133
"Train",16.8817760958351,17.557
"Train",17.245074968486,17.247
"Train",17.5197534929125,17.702
"Train",17.8309956133206,18.446
"Train",17.8142327955898,18.033
"Train",18.8354223372184,18.218
"Train",17.9444688422291,18.569
"Train",18.1071314992947,18.191
"Train",18.9252403004178,18.683
"Train",18.4279286280452,19.159
"Train",18.5356381373901,19.759
"Train",19.5407240235142,19.807
"Train",19.2966854828467,20.026
"Train",20.1764818829702,19.917
"Train",19.9554798929401,19.478
"Train",20.1231586291918,18.876
"Train",19.4757292376194,18.712
"Train",18.8104879302378,18.209
"Train",18.52733256694,18.149
"Train",18.0807005475854,18.011
"Train",17.8361848568883,17.685
"Train",18.108506702559,17.45
"Train",17.3595739119615,17.396
"Train",17.4644129372868,18.037
"Train",17.3768524309164,17.469
"Train",18.0412810032806,17.738
"Train",17.5191196101579,17.647
"Train",17.5847318471506,17.274
"Train",17.6873683984979,16.882
"Train",17.2237928131894,16.922
"Train",16.9491591598253,16.611
"Train",16.8892689312677,16.085
"Train",16.8309959569167,15.995
"Train",16.1249118709696,16.134
"Train",16.0859489371236,16.792
"Train",16.2700255187324,16.37
"Train",16.8680259591525,16.089
"Train",16.9967534533138,15.229
"Train",16.4283129312214,14.3
"Train",15.5559322641417,14.7
"Train",14.3275202565516,14.963
"Train",14.3552312975127,15.329
"Train",14.9904807235927,15.082
"Train",15.1476116002483,14.186
"Train",15.4111102782844,14.491
"Train",14.6379746054207,14.222
"Train",14.5638305467055,14.367
"Train",14.6107056392222,14.283
"Train",14.1525758841198,14.588
"Train",14.6149740780306,14.548
"Train",14.7207187404321,14.912
"Train",14.8998847846495,14.811
"Train",15.0648987485832,15.286
"Train",15.3086487872791,15.325
"Train",15.3840176364015,15.587
"Train",15.8948275987192,16.353
"Train",15.8419034446014,17.5
"Train",16.835759241385,17.346
"Train",17.5757007558607,17.588
"Train",18.0320988671469,17.819
"Train",17.9187014766537,17.836
"Train",18.5523693557812,18.201
"Train",18.1605217436734,19.436
"Train",18.4340778595533,18.223
"Train",19.4235277604008,17.991
"Train",18.9833426383344,17.678
"Train",17.6872280974296,17.756
"Train",18.350028039825,17.666
"Train",17.4196019136402,17.268
"Train",17.6871737465653,16.62
"Train",17.3346862720037,16.542
"Train",16.781614404774,17.735
"Train",16.4970819422514,17.597
"Train",17.6365452844776,16.115
"Train",17.6249148315029,16.303
"Train",16.3713156222146,16.362
"Train",16.384911238126,16.264
"Train",16.8071447753015,16.287
"Train",15.9655127937095,16.138
"Train",16.4195099871642,16.409
"Train",16.5122192899474,16.353
"Train",16.5998271953274,16.435
"Train",16.7119410206414,16.568
"Train",16.6298838552754,16.447
"Train",16.850672233769,16.231
"Train",16.7898757361485,15.937
"Train",16.4799797476121,16.012
"Train",16.1228446421656,15.971
"Train",16.0338261422608,15.877
"Train",16.124228693245,15.958
"Train",16.0169369271712,16.086
"Train",16.1783662620078,16.321
"Train",16.373905188104,16.888
"Train",16.5780160670841,16.934
"Train",17.1948699375504,16.629
"Train",17.4557218548922,17.46
"Train",17.0398536887084,18.073
"Train",17.6948188908154,17.898
"Train",18.2859957698179,18.153
"Train",18.1972705117857,18.795
"Train",18.4563389623942,19.744
"Train",19.3517580760716,20.092
"Train",19.7646982474377,20.192
"Train",20.5126533544645,20.642
"Train",20.6035166238217,21.039
"Train",21.0646742276554,21.057
"Train",21.1570605851867,21.207
"Train",21.1213931464794,21.457
"Train",21.2566812955519,22.007
"Train",21.5787676773627,22.25
"Train",21.6595539172854,23.054
"Train",22.3074389713364,22.329
"Train",22.1567075929595,21.849
"Train",22.586442181396,20.879
"Train",21.3594436122713,20.783
"Train",20.9394909154362,20.691
"Train",20.0315584632325,20.714
"Train",20.4024651929126,19.815
"Train",20.0025951404386,18.491
"Train",19.7787390980456,18.267
"Train",18.1823126483393,18.708
"Train",17.8356015330772,18.357
"Train",18.4956788763629,18.668
"Train",18.2286227446619,18.928
"Train",18.4996477534308,19.121
"Train",19.4737827182931,18.856
"Train",19.2609441016844,18.633
"Train",19.2654495355407,18.249
"Train",18.9107760186577,17.846
"Train",18.3398170291902,18.666
"Train",17.7467315500691,18.196
"Train",18.4016809525062,17.802
"Train",18.6288435498067,17.741
"Train",17.5139379504318,17.024
"Train",18.0836102147862,16.803
"Train",17.0877431200298,16.096
"Train",16.5287526964719,16.001
"Train",16.1009396638833,15.893
"Train",15.6008867487906,16.35
"Train",15.931215502372,16.302
"Train",16.1409428479926,16.157
"Train",16.636836341999,16.103
"Train",16.3325928433504,15.98
"Train",16.4057054996173,15.555
"Train",16.2594075086021,15.784
"Train",15.7644297634607,15.919
"Train",15.7755495711056,16.05
"Train",16.1491795318822,16.422
"Train",16.1070974272131,16.381
"Train",16.6354105797911,16.682
"Train",16.7729195304587,16.539
"Train",16.8253485229232,16.564
"Train",16.9897011126767,16.875
"Train",16.6053254804374,16.791
"Train",17.103736809832,16.696
"Train",17.0457848847725,15.955
"Train",16.8327054811951,16.367
"Train",16.2961398450578,16.503
"Train",16.1034815147698,16.798
"Train",16.7199426054435,17.028
"Train",16.6780203934334,16.708
"Train",17.3932923033953,16.667
"Train",17.0806579160794,16.241
"Train",16.8474661647618,16.534
"Train",16.5982055172133,16.675
"Train",16.3195480039302,16.138
"Train",16.853114230742,16.1
"Train",16.2116002355639,16.002
"Train",16.083375170904,15.808
"Train",16.2424573067868,15.862
"Train",15.7615687592431,16.284
"Train",15.8880820876708,16.323
"Train",16.3783287796704,16.728
"Train",16.5981745498604,16.947
"Train",16.8491560974496,17.187
"Train",17.4387643852288,17.282
"Train",17.4264621302918,17.465
"Train",17.6495623164788,17.091
"Train",17.6955305079457,17.152
"Train",17.3705591064192,16.538
"Train",17.0084913440435,16.676
"Train",16.7345787876116,16.723
"Train",16.3049434211017,16.288
"Train",16.8140732465269,15.66
"Train",16.210179213257,15.145
"Train",15.672941459164,15.128
"Train",15.1134097389168,14.818
"Train",14.9405199555531,14.538
"Train",14.7984309965876,14.222
"Train",14.3806093592228,14.075
"Train",14.3282972843151,13.875
"Train",13.9094840596701,13.957
"Train",13.9053480220951,14.284
"Train",13.8958944476332,14.232
"Train",14.3666332872612,14.409
"Train",14.4726784593834,14.075
"Train",14.5719092338965,13.791
"Train",14.469773848077,14.311
"Train",13.9603997597558,14.331
"Train",14.4107279538766,14.536
"Train",14.6410071940529,14.587
"Train",14.5779225882438,14.885
"Train",14.9610054914955,14.888
"Train",14.8872118694577,15.069
"Train",15.1420984634486,14.854
"Train",15.1204010928282,14.957
"Train",15.1567115780987,15.065
"Train",14.8024757120708,14.797
"Train",15.2329001140933,14.875
"Train",14.951860958576,14.453
"Train",14.8439043423946,14.349
"Train",14.6578970411294,14.53
"Train",14.2069330682936,14.548
"Train",14.5545852118924,14.536
"Train",14.5346716239988,14.412
"Train",14.5214359245667,14.303
"Train",14.6339368417922,14.363
"Train",14.5079654420406,14.763
"Train",14.5328556099455,14.729
"Train",14.8423591346827,14.554
"Train",15.0118323974366,14.585
"Train",14.6144318333611,14.614
"Train",14.8447167614186,14.391
"Train",14.8204974474958,14.182
"Train",14.5290791728564,14.36
"Train",14.1670319500516,14.185
"Train",14.4207244049947,14.158
"Train",14.408806714022,14.15
"Train",14.2118063184641,14.021
"Train",14.2613167959128,14.109
"Train",14.1334228923331,14.068
"Train",14.1606514113768,14.314
"Train",14.2738288704655,14.214
"Train",14.3119414660798,14.232
"Train",14.4333938442591,13.949
"Train",14.3458115343443,13.79
"Train",14.2554051914394,13.487
"Train",13.7683054776817,13.336
"Train",13.6887858972913,13.317
"Train",13.380660419759,13.26
"Train",13.3660741645476,12.991
"Train",13.3084815239806,13.036
"Train",13.1506327103268,12.666
"Train",13.1133951004291,12.522
"Train",12.9781611442242,12.18
"Train",12.5787232127207,11.946
"Train",12.4837013122606,11.75
"Train",12.0030869679873,11.727
"Train",11.8147921905202,11.61
"Train",11.6796484504302,11.674
"Train",11.6549736320254,11.717
"Train",11.6572165926574,11.828
"Train",11.8673016823027,11.791
"Train",11.8577050418303,12.129
"Train",11.9234938401337,11.749
"Train",12.1178063958556,11.788
"Train",12.1319740388142,11.64
"Train",11.8421819451948,11.548
"Train",12.0140355862093,11.901
"Train",11.7061540950788,12.221
"Train",11.9649897770511,12.179
"Train",12.2999300592718,12.127
"Train",12.3100596226085,12.324
"Train",12.2528524149876,11.903
"Train",12.4754655763513,11.968
"Train",12.2444856998152,11.841
"Train",11.9527395030279,11.688
"Train",11.9799076673328,11.518
"Train",11.5995425442914,11.37
"Train",11.5694557069741,11.281
"Train",11.4068549056159,11.101
"Train",11.3010786043755,11.136
"Train",11.1040330810106,11.011
"Train",10.9601649212226,10.918
"Train",11.0204585548507,10.911
"Train",10.9247882161902,10.894
"Train",10.9634299229984,10.94
"Train",10.8356702178645,11.003
"Train",10.8554282382587,10.928
"Train",10.9584124415917,10.805
"Train",10.8909808923646,10.6
"Train",10.8110087896799,10.569
"Train",10.6644882208156,10.523
"Train",10.562360497836,10.496
"Train",10.55282049918,10.683
"Train",10.4436567882216,10.509
"Train",10.5404245916999,10.452
"Train",10.4636113762584,10.388
"Train",10.2689010638478,10.688
"Train",10.3131076711241,10.642
"Train",10.3873394970053,10.448
"Train",10.5911499057639,10.298
"Train",10.243000586054,10.132
"Train",10.0765245206718,9.9145
"Train",9.81903990796806,9.7167
"Train",9.50437494708223,9.4695
"Train",9.37825234449009,9.2846
"Train",9.10681591231807,9.1324
"Train",9.02950638974718,8.9275
"Train",8.8808164867124,8.7147
"Train",8.70594131683456,8.5275
"Train",8.53332423577259,8.3823
"Train",8.36581534597189,8.3014
"Train",8.15230018749992,8.1841
"Train",8.17642912731117,8.1316
"Train",8.06684893705535,8.2296
"Train",8.10289872777322,8.1592
"Train",8.17589130654926,8.0466
"Train",8.22867800353938,8.0536
"Train",8.14537866812925,8.3142
"Train",8.1807373812876,8.4306
"Train",8.38839117823626,8.2308
"Train",8.58389992696302,8.298
"Train",8.30418399379617,8.2809
"Train",8.23586874928441,8.0314
"Train",8.24212036265318,8.16
"Train",7.98460343962463,8.1353
"Train",7.92325395355915,7.9983
"Train",8.05690525683454,7.9103
"Train",7.88824378111782,7.7472
"Train",7.76398000968428,7.6936
"Train",7.61012282462297,7.6348
"Train",7.61396878025941,7.5933
"Train",7.68066740255146,7.6797
"Train",7.56412966967769,7.571
"Train",7.5958200154888,7.7157
"Train",7.55430796290818,7.7711
"Train",7.53900503467209,7.978
"Train",7.7335517415013,8.1161
"Train",7.89027625064814,8.281
"Train",8.01496029329986,8.2137
"Train",8.02074518442107,8.3085
"Train",8.05229364919687,8.1284
"Train",8.07777472475442,8.0003
"Train",8.0830568703808,8.0018
"Train",8.10418292493915,7.9902
"Train",8.0391224124178,7.9409
"Train",7.98066110600207,8.0142
"Train",8.07894958820494,7.9796
"Train",7.99295988501166,7.938
"Train",7.96525516391852,7.9153
"Train",7.8424519139665,7.8103
"Train",7.74287417870335,7.6874
"Train",7.64763534877615,7.548
"Train",7.65363953931497,7.411
"Train",7.58874113140635,7.2521
"Train",7.40815185292826,7.0448
"Train",7.21661150727932,6.913
"Train",6.9798038435183,6.7084
"Train",6.98309396676919,6.6136
"Train",6.87586508338139,6.5195
"Train",6.58148057872319,6.5832
"Train",6.46170865342982,6.5434
"Train",6.35561197438393,6.6152
"Train",6.36732268968147,6.5226
"Train",6.43784230413159,6.4206
"Train",6.40280053235055,6.352
"Train",6.23175204251192,6.3322
"Train",6.11170235902247,6.2073
"Train",6.00437393771458,6.0149
"Train",6.04120170417618,5.8129
"Train",5.91865314490225,5.6953
"Train",5.73129117994353,5.4828
"Train",5.63055627686009,5.3071
"Train",5.1820055455982,5.1703
"Train",5.19731416171543,5.023
"Train",5.0939603053566,4.8888
"Train",4.75815538620295,4.7755
"Train",4.63599739476787,4.6825
"Train",4.61970603918557,4.6636
"Train",4.53537308937343,4.5438
"Train",4.46239757424084,4.4291
"Train",4.33847697163658,4.1851
"Train",4.22345031918787,4.2364
"Train",4.20340622602129,4.2503
"Train",4.06042047779475,4.2934
"Train",4.0002774545195,4.0538
"Train",3.8237806065276,4.0692
"Train",4.00550904120234,4.0627
"Train",3.92912458930154,3.9833
"Train",3.91545155500784,3.8471
"Train",3.9125191362825,3.5582
"Train",3.92480748750998,3.6216
"Train",3.72468444520167,3.5842
"Train",3.54998496765264,3.9363
"Train",3.52123399242161,3.9223
"Train",3.59632034344701,4.1711
"Train",3.7258144375898,4.0258
"Train",3.95016153372189,3.9626
"Train",4.11906253243364,3.8642
"Train",3.8905841386275,3.8928
"Train",3.93954289160483,4.0011
"Train",3.85644547597545,4.1457
"Train",3.90509961131794,4.2256
"Train",3.98319927537835,4.4843
"Train",4.15549720310922,4.6226
"Train",4.38925584658136,4.6518
"Train",4.59694061088293,4.6347
"Train",4.63758368162145,4.9792
"Train",4.69646462726857,5.2247
"Train",4.8681615355581,5.6487
"Train",5.17067086244324,5.4547
"Train",5.53372578819156,5.6236
"Train",5.70292887659097,5.8592
"Train",5.67163984239421,6.1252
"Train",5.97521754295503,5.8362
"Train",6.04268813711627,5.992
"Train",5.98367257828197,5.9019
"Train",5.89188534423159,5.9895
"Train",5.98757035683554,5.9124
"Train",5.77634046261159,5.8435
"Train",5.85660404945553,5.8473
"Train",5.71183041058804,5.6462
"Train",5.74255697653791,5.4295
"Train",5.56601652145721,5.2726
"Train",5.3383932057837,5.0822
"Train",5.1375977295263,4.9711
"Train",4.9726959432486,4.8337
"Train",4.77218043714105,4.6653
"Train",4.71336269017335,4.5424
"Train",4.64070316843789,4.4136
"Train",4.48809921318959,4.3219
"Train",4.28052947048457,4.1538
"Train",4.09883516309673,3.9162
"Train",4.06605527205232,3.7043
"Train",3.95166439831863,4.0322
"Train",3.66225362973122,4.047
"Train",3.74028251127067,4.034
"Train",3.77184266780216,4.0658
"Train",3.82923338858843,3.9598
"Train",4.04237030296404,4.0581
"Train",3.98128814731253,4.0575
"Train",3.95282978196724,4.0258
"Train",3.98745886637163,4.0216
"Train",3.97043946200235,4.059
"Train",3.97059050684618,4.05
"Train",3.96284108477503,4.0464
"Train",3.95119167219653,3.9484
"Train",4.04334419461399,4.1239
"Train",4.04252450774184,4.1677
"Train",4.06525896869156,4.1498
"Train",4.19609729874573,4.1695
"Train",4.157061370425,4.1646
"Train",4.24141959970891,4.1291
"Train",4.27049541615219,4.4192
"Train",4.19569472315779,4.973
"Train",4.38986887377179,5.0009
"Train",4.85326939873829,4.9936
"Train",4.98974315503682,4.9242
"Train",4.93432486503542,4.894
"Train",5.00365444835196,4.8631
"Train",4.92988136588502,5.0612
"Train",4.91639982358998,5.0023
"Train",4.96078994403163,5.0313
"Train",4.98089913183802,5.1394
"Train",4.99909023972385,5.0954
"Train",5.11411689217256,5.0753
"Train",5.06674253008844,5.0024
"Train",5.02338128414782,4.9283
"Train",4.99597960072253,4.8858
"Train",4.90969570767652,4.8031
"Train",4.88322178086519,4.7489
"Train",4.84057152006812,4.7007
"Train",4.78242620704951,4.6977
"Train",4.74556494528781,4.6135
"Train",4.74358429867462,4.5719
"Train",4.6764963725173,4.6589
"Train",4.58586314635323,4.6017
"Train",4.60818681588669,4.488
"Train",4.62587612625788,4.4661
"Train",4.45473979025485,4.3617
"Train",4.44212975774909,4.3269
"Train",4.36951510707602,4.3218
"Train",4.32200044392357,4.3444
"Train",4.34212100749225,4.3509
"Train",4.30589931636634,4.3348
"Train",4.26148012453215,4.3865
"Train",4.24373267137589,4.5092
"Train",4.35939573452641,4.5792
"Train",4.44866513318848,4.6431
"Train",4.54813859063058,4.4468
"Train",4.60990771592745,4.4096
"Train",4.51448213390255,4.4184
"Train",4.48610276690654,4.3535
"Train",4.4765585023397,4.3112
"Train",4.37830225146334,4.1314
"Train",4.38593917988511,3.9585
"Train",4.25892752987015,3.7512
"Train",3.99249896105581,3.6862
"Train",3.80630996358723,3.6553
"Train",3.65608923054006,3.3198
"Train",3.49918839707762,3.1363
"Train",3.36859654187321,3.2049
"Train",3.12113452874125,3.2989
"Train",3.09639540568014,3.3974
"Train",3.1953683295812,3.5707
"Train",3.21352278223296,3.5989
"Train",3.3661109378114,3.6097
"Train",3.51384985871753,3.6551
"Train",3.58469873828746,3.6997
"Train",3.54581638275773,3.6737
"Train",3.70767957652866,3.661
"Train",3.70027521924717,3.6193
"Train",3.62503845536474,3.7678
"Train",3.61493804241896,3.9471
"Train",3.65294320027826,3.8666
"Train",3.79473765339763,4.084
"Train",3.83585029032428,4.0618
"Train",3.91060800821667,4.029
"Train",4.09909174973519,4.0526
"Train",3.95600488362157,4.0476
"Train",4.04732950333856,4.0652
"Train",4.04887407906371,4.0283
"Train",4.04616032776918,4.0873
"Train",4.02311998521104,4.0665
"Train",4.04766319236592,4.0043
"Train",4.01961182651613,3.8227
"Train",4.00755099053458,4.0339
"Train",3.89669671490153,4.4539
"Train",3.94511511916977,4.5242
"Train",4.27287421444576,4.6589
"Train",4.39856627603432,4.7105
"Train",4.53345248150569,4.6774
"Train",4.77380590717588,4.3403
"Train",4.71862271626194,4.5135
"Train",4.53077096153767,4.6951
"Train",4.38293850658599,4.3804
"Train",4.49241884292832,4.3557
"Train",4.27077285835487,4.5515
"Train",4.27706871079923,4.8305
"Train",4.42809522700908,5.2797
"Train",4.54286971672688,5.509
"Train",4.89599928987143,4.8991
"Train",5.35921843462798,4.7882
"Train",5.14589571613487,4.9113
"Train",4.84255848654926,4.9248
"Train",4.91594479309811,5.0823
"Train",4.74963430825601,5.2769
"Train",4.84441020785642,5.2451
"Train",5.12400874947624,5.3139
"Train",5.1804653937806,5.3106
"Train",5.24422717343975,5.5919
"Train",5.28596294934554,5.5199
"Train",5.40890776433947,5.5548
"Train",5.49962883666793,5.4699
"Train",5.45792466010186,5.5679
"Train",5.47691270333524,5.4372
"Train",5.45483803659872,5.5708
"Train",5.45805800931545,5.375
"Train",5.39019653132197,5.4796
"Train",5.38360617303148,5.2586
"Train",5.31829160181884,5.2861
"Train",5.30388040694945,5.2402
"Train",5.18860917561137,5.3176
"Train",5.27525203715651,5.3179
"Train",5.19482855765362,5.2731
"Train",5.27230887465566,5.2448
"Train",5.29232263245612,5.2722
"Train",5.25395913808448,5.3182
"Train",5.27070805210582,5.6108
"Train",5.38440816427339,5.8084
"Train",5.58391817939127,5.6658
"Train",5.85112093202858,5.4878
"Train",5.82415152757055,5.6158
"Train",5.65190795070399,5.746
"Train",5.63829558714254,5.8844
"Train",5.80885365522882,5.9607
"Train",5.83372296756954,5.7618
"Train",5.88662468615622,5.837
"Train",5.87537658519207,6.2739
"Train",5.90684320767801,6.3839
"Train",6.24470429586677,6.3437
"Train",6.40978051049969,6.8383
"Train",6.3787597546971,7.088
"Train",6.65782805939653,7.4358
"Train",7.05792562711651,7.9058
"Train",7.27913111689436,8.1177
"Train",7.8091335701734,8.2754
"Train",8.0763916216552,8.7975
"Train",8.22509906232352,8.0145
"Train",8.62916171519065,8.5516
"Train",8.37646179550791,8.3195
"Train",8.10816033382879,8.39
"Train",8.44792717819563,7.751
"Train",7.99025087361809,7.4552
"Train",8.04466872852418,7.1974
"Train",7.47681026626929,7.3528
"Train",7.27848206645666,7.5424
"Train",7.00466620400428,7.2625
"Train",7.14659305835705,7.2869
"Train",7.12890343199246,7.3914
"Train",7.20539532164828,7.3185
"Train",7.47465771924806,7.3622
"Train",7.34773201943712,7.1639
"Train",7.27014584464705,7.1102
"Train",7.19834803690555,7.0112
"Train",7.02475200829928,7.0805
"Train",7.03507804053061,7.4181
"Train",7.07999081405112,7.3697
"Train",7.37140750872349,7.417
"Train",7.4963127467532,7.6222
"Train",7.57087581271296,7.7651
"Train",7.85788977138316,8.2791
"Train",7.88161897954704,8.4655
"Train",8.10460509211771,9.2663
"Train",8.31591114075036,9.8063
"Train",8.84562493406112,10.277
"Train",9.72331571218287,9.8265
"Train",10.2273634158021,10.134
"Train",10.3482898229718,8.2742
"Train",10.2352180636745,9.1561
"Train",9.4120321966397,9.3539
"Train",8.77574994614114,9.3176
"Train",9.55747811145958,9.3965
"Train",8.997592794601,9.4544
"Train",9.44629393871993,9.1546
"Train",9.57530961885947,9.0485
"Train",9.3717605761395,8.5919
"Train",9.00042267346898,8.7296
"Train",8.66320004993911,8.8676
"Train",8.37861939842349,9.0339
"Train",8.62260422021346,9.0869
"Train",8.77452073182632,9.0897
"Train",9.13241137748539,9.5904
"Train",9.22478398930394,9.8436
"Train",9.62637257186827,10.752
"Train",10.0529121510665,10.407
"Train",10.5735646757179,10.917
"Train",10.9772631659444,11.366
"Train",10.8632857498213,11.072
"Train",11.5648532236457,11.174
"Train",11.3444932137011,11.332
"Train",11.3027359897434,11.286
"Train",11.5842450669415,11.21
"Train",11.4876501513505,11.422
"Train",11.3736957039974,11.092
"Train",11.5145802936289,11.304
"Train",11.4938565381643,11.61
"Train",11.4106401707705,12.484
"Train",11.9290501100321,12.666
"Train",12.504439484924,12.872
"Train",13.1858438545687,13.443
"Train",13.1663881411076,13.183
"Train",13.9959202615335,12.279
"Train",13.6603742989688,12.078
"Train",12.7707454483003,12.137
"Train",12.412147293425,12.252
"Train",12.3137745989818,12.087
"Train",12.1262412866035,12.095
"Train",12.0698310143302,12.23
"Train",12.1580575557834,12.264
"Train",12.4174937437077,12.563
"Train",12.4161059797059,12.451
"Train",12.7379105744048,12.627
"Train",12.9653115887234,12.686
"Train",12.9677158244854,12.538
"Train",13.3195254932102,12.636
"Train",13.0588908213289,12.339
"Train",13.0636659555496,12.185
"Train",12.8076473152135,12.351
"Train",12.3947341612829,12.171
"Train",12.4050866579613,12.24
"Train",12.2462483899827,12.474
"Train",12.2359267816589,12.461
"Train",12.6360556327252,12.379
"Train",12.6662159385074,12.426
"Train",12.7076916518474,12.816
"Train",12.775194003345,12.708
"Train",12.9866479368875,12.945
"Train",13.1663965149326,12.406
"Train",13.2188665865388,12.184
"Train",13.0970536598934,11.891
"Train",12.4795347813228,11.383
"Train",12.252826266534,11.653
"Train",11.5943080741689,11.139
"Train",11.5236454332074,11.103
"Train",11.4244895491294,10.991
"Train",11.0382192599801,10.732
"Train",11.2973305968174,10.84
"Train",10.9914240150449,10.754
"Train",11.0304941891501,10.868
"Train",11.0618824946475,11.461
"Train",10.9846419870095,11.835
"Train",11.4771789794019,11.522
"Train",11.9837446171574,11.86
"Train",11.9318093643758,11.893
"Train",12.0236450244143,11.893
"Train",12.3804768551979,11.901
"Train",12.0799903600445,11.853
"Train",12.2085040056744,11.818
"Train",12.0532043107552,12.05
"Train",11.9643399366299,11.826
"Train",12.168561887289,11.827
"Train",12.1463194280586,12.18
"Train",11.9870835613881,12.118
"Train",12.4280370213996,12.459
"Train",12.4667571143199,12.515
"Train",12.5355578826863,11.978
"Train",12.9778127615039,11.978
"Train",12.5034932426963,12.233
"Train",12.2844856449922,12.261
"Train",12.5170893325978,12.212
"Train",12.4427515699302,12.505
"Train",12.4462718943709,12.834
"Train",12.7582765068463,13.316
"Train",13.1181656527455,13.143
"Train",13.5279076549392,13.65
"Train",13.7053888223632,13.779
"Train",13.9226091614132,13.712
"Train",14.4609424646141,14.032
"Train",14.1152033450415,14.498
"Train",14.3218756664987,15.853
"Train",14.6954733959488,15.84
"Train",15.9359032644184,15.044
"Train",16.1373749665457,15.508
"Train",15.5036442047322,14.662
"Train",15.8781621069547,14.665
"Train",15.3545458802317,15.113
"Train",14.3289539185944,15.766
"Train",15.2053274782402,16.854
"Train",15.5838480688241,18.257
"Train",17.0621571346644,18.4
"Train",18.5222874163614,19.228
"Train",19.5260733056498,19.542
"Train",19.7884558950073,20.362
"Train",20.6748477093156,20.811
"Train",20.2743545178625,21.299
"Train",21.3861994051929,21.954
"Train",20.8857897335548,22.183
"Train",22.1522761015582,21.097
"Train",21.8757970467548,20.853
"Train",21.1230735993653,19.751
"Train",20.4171829013772,19.21
"Train",19.8268920678603,18.423
"Train",18.3755678901544,17.294
"Train",18.2070688350438,16.254
"Train",16.7070728263653,15.693
"Train",15.8138988457744,15.237
"Train",15.026705890646,15.081
"Train",14.6233687586187,15.063
"Train",14.489395774065,15.205
"Train",14.9019226260676,15.375
"Train",15.233504609462,15.362
"Train",15.6923940126911,15.706
"Train",15.7259070084169,15.721
"Train",16.0522308616831,15.733
"Train",16.2064602869662,15.727
"Train",16.0433729347748,16.182
"Train",16.0793904941662,16.866
"Train",16.375318310576,16.231
"Train",16.7294413669611,17.343
"Train",16.4867938292278,18.104
"Train",17.0448722958416,18.331
"Train",18.9950432418433,19.02
"Train",18.2760704172141,19.253
"Train",19.5500831159503,19.386
"Train",19.5816900395046,19.36
"Train",19.5889237603516,18.375
"Train",19.4133534050001,17.728
"Train",18.5898404847993,16.674
"Train",17.4370630767786,16.546
"Train",16.614769259104,15.954
"Train",15.869113636028,15.813
"Train",15.8505818872601,15.89
"Train",15.3539751961564,16.023
"Train",15.9693628572601,16.315
"Train",16.0993397893137,17.073
"Train",16.5618359411776,17.51
"Train",17.3671539615718,18.35
"Train",18.1743818460582,18.72
"Train",18.563713518738,20.004
"Train",19.5810940759576,21.781
"Train",19.9683193366522,21.531
"Train",22.5279821389539,20.786
"Train",22.4920309381759,20.836
"Train",21.1082541410268,20.822
"Train",21.2535529609203,20.653
"Train",20.8010491522604,21.316
"Train",19.8875059212972,21.779
"Train",20.9903266691925,22.217
"Train",21.9033592548258,22.416
"Train",22.2057636719031,23.113
"Train",22.5827273630194,24.054
"Train",23.1710185903194,23.764
"Train",23.7984942628367,23.662
"Train",23.8818267775535,23.987
"Train",23.4844056739072,24.24
"Train",24.0498328829646,25.242
"Train",23.7863285170473,25.622
"Train",24.709376829396,24.563
"Train",25.3044113557906,23.113
"Train",24.3661435374627,22.898
"Train",22.8185115241671,22.498
"Train",22.315601712771,22.45
"Train",22.0448054832216,22.291
"Train",21.5192579048552,22.056
"Train",21.9729966157112,22.197
"Train",21.7953388079782,21.953
"Train",22.0556200412449,21.911
"Train",22.0212728229507,21.303
"Train",21.5503213197665,21.003
"Train",21.3389527044412,20.759
"Train",20.6942800392654,20.743
"Train",20.70186514477,20.441
"Train",20.4438969831704,20.218
"Train",20.4240374301477,20.885
"Train",20.0438000474372,20.856
"Train",20.8490352775613,19.582
"Train",20.4360502351329,19.277
"Train",19.0797212564451,19.523
"Train",18.9485985323335,19.523
"Train",19.5449501192074,19.67
"Train",19.221541621023,19.799
"Train",19.5553001669369,20.019
"Train",20.1054276076921,20.236
"Train",20.2613020946007,19.925
"Train",20.4710313361817,20.056
"Train",20.2713753321143,19.297
"Train",20.1472550216831,18.589
"Train",19.6860399070511,18.595
"Train",18.2919617251557,18.473
"Train",18.4532384351815,18.727
"Train",18.3392305454452,18.788
"Train",18.4419808544155,18.467
"Train",19.0494073778719,18.586
"Train",18.6815044814248,18.266
"Train",18.7374498484126,18.141
"Train",18.6176504316937,17.901
"Train",18.0747194245646,17.599
"Train",18.096410475317,17.64
"Train",17.4228825570891,17.774
"Train",17.5643148817754,17.84
"Train",17.8318203560872,17.924
"Train",17.8968252537706,18.231
"Train",18.084461500998,18.638
"Train",18.4306006682113,18.169
"Train",18.7908268210686,17.977
"Train",18.5736458231965,17.931
"Train",18.0201467328939,17.931
"Train",18.1482801594687,17.63
"Train",17.8576926314703,17.414
"Train",17.6264613031884,16.87
"Train",17.3354111608567,16.872
"Train",16.9565180140576,16.156
"Train",16.6773466955107,16.407
"Train",16.3322003795512,16.384
"Train",16.0043110949955,16.366
"Train",16.6807847036714,16.277
"Train",16.2898332488379,15.927
"Train",16.5685147776193,15.987
"Train",16.1900156745863,16.261
"Train",16.0238401189248,17.274
"Train",16.38440280475,17.218
"Train",17.246042540268,17.043
"Train",17.6411846995342,17.144
"Train",17.2249683086267,16.775
"Train",17.5934551608717,17.694
"Train",16.9877653371259,17.908
"Train",17.3547973557705,18.411
"Train",18.3111766516482,18.837
"Train",18.3248111347475,19.059
"Train",19.470121618794,18.813
"Train",19.2621530924218,18.585
"Train",19.1077498707703,18.455
"Train",18.669453757232,18.69
"Train",18.4710004240341,18.356
"Train",18.5086927484302,18.473
"Train",18.3595223774351,18.268
"Train",18.1973659417916,18.008
"Train",18.473144755227,18.067
"Train",17.9009565514446,17.925
"Train",18.0769983689447,18.521
"Train",18.0004034654414,18.572
"Train",18.3437593628128,18.112
"Train",18.8678243001598,17.262
"Train",18.1540520948606,16.725
"Train",17.4754139314144,17.053
"Train",16.5383260324313,16.554
"Train",16.7083184723367,16.346
"Train",16.4895960586735,16.369
"Train",15.9461935893959,16.609
"Train",16.5280341274869,16.654
"Train",16.5844585404647,16.98
"Train",16.7925768477071,17.135
"Train",17.0973379435402,17.388
"Train",17.5315084472856,16.738
"Train",17.5574742567144,16.697
"Train",17.1391975888577,16.593
"Train",16.4277956500303,16.521
"Train",16.6712315912895,16.594
"Train",16.2319097631841,16.931
"Train",16.50744399773,16.703
"Train",16.9543199639872,16.677
"Train",16.8986412954265,17.057
"Train",16.6242787643971,17.053
"Train",17.1034441999463,16.517
"Train",17.1374280258338,16.648
"Train",16.3511565074514,16.216
"Train",16.5017807640667,15.873
"Train",16.3908708735958,15.919
"Train",15.6163571535272,15.385
"Train",15.8811362368085,15.269
"Train",15.3965881697327,15.251
"Train",14.9483183566008,14.986
"Train",15.2705453554733,14.819
"Train",14.9339732043514,14.942
"Train",14.800087117982,14.962
"Train",14.9676922277721,14.839
"Train",15.0224911707151,15.009
"Train",14.9301338845763,14.968
"Train",15.1073350818504,14.818
"Train",15.1114148726007,14.883
"Train",14.7935144553217,14.914
"Train",14.8955117520267,14.44
"Train",14.9730148205533,14.229
"Train",14.5579957286276,14.07
"Train",14.203743430943,14.208
"Train",14.152019103754,13.977
"Train",14.0579175340631,13.928
"Train",14.0404601628454,13.865
"Train",13.8551082318858,13.953
"Train",13.996439438685,14.2
"Train",13.9390010028958,14.386
"Train",14.2051382257979,14.38
"Train",14.4489637869158,14.304
"Train",14.4882205946211,14.665
"Train",14.4827216775243,14.737
"Train",14.6717470317255,14.553
"Train",14.8509358274675,14.767
"Train",14.4438674454069,15.051
"Train",14.7631854090654,15.398
"Train",15.0975076871998,15.438
"Train",15.3500777335963,15.708
"Train",15.5505771240406,15.388
"Train",15.7214796249297,15.38
"Train",15.583025222018,15.194
"Train",15.244180446384,14.93
"Train",15.3178957020592,15.082
"Train",14.7866093676077,15.006
"Train",14.7962907733089,14.785
"Train",14.8517732099699,14.491
"Train",14.6679333074155,14.571
"Train",14.5896977661944,14.619
"Train",14.4839862830996,14.513
"Train",14.5147428684222,14.507
"Train",14.5013706598425,14.383
"Train",14.545961120098,14.273
"Train",14.5222218001454,14.648
"Train",14.3347460775637,14.32
"Train",14.5600190343494,13.988
"Train",14.5304569040679,13.904
"Train",14.0449554849129,14.148
"Train",14.1147154512364,13.99
"Train",14.1314441416803,14.097
"Train",14.0788685282794,14.065
"Train",14.050409214954,13.878
"Train",14.3027981971339,13.807
"Train",13.9415605494125,13.861
"Train",13.929848254148,13.854
"Train",13.9940912917509,14.197
"Train",13.9434315463169,14.512
"Train",14.155410344892,14.27
"Train",14.6534747135366,14.112
"Train",14.421259381816,14.089
"Train",14.2264421846389,14.018
"Train",14.2767998403853,14.058
"Train",14.0196810690371,14.158
"Train",13.9565955152478,14.253
"Train",14.1279470427543,14.187
"Train",14.2510786098459,14.22
"Train",14.2602740177023,14.069
"Train",14.1799339604563,13.984
"Train",14.1646386160617,13.826
"Train",13.9719951374634,13.523
"Train",13.8980798579678,13.258
"Train",13.5308836807534,13.428
"Train",13.2232764323924,13.106
"Train",13.2549343888803,13.103
"Train",13.1493595729298,12.972
"Train",12.9357742639236,12.961
"Train",13.1296867720048,12.71
"Train",12.891508328887,12.669
"Train",12.7650708388747,12.37
"Train",12.6170705914291,12.409
"Train",12.467751624539,12.276
"Train",12.1789768716616,12.127
"Train",12.2628333824293,12.095
"Train",11.9872972519229,12.129
"Train",12.0760146891186,12.237
"Train",12.0684735066961,12.223
"Train",12.2017173364859,12.079
"Train",12.2689740821156,12.142
"Train",12.1821478654018,11.828
"Train",12.1436031488169,12.036
"Train",11.992455607136,12.086
"Train",11.871455652503,12.12
"Train",12.2554264182023,12.365
"Train",12.0998567069252,12.144
"Train",12.4270606808008,12.936
"Train",12.329735030479,12.561
"Train",12.6677662021137,11.892
"Train",12.9749642390255,11.991
"Train",11.8638154061506,11.645
"Train",12.0225498702982,11.47
"Train",11.8329957011469,11.407
"Train",11.2329730214827,11.373
"Train",11.4038925860153,11.276
"Train",11.227822882098,11.11
"Train",11.2384405762349,11.023
"Train",11.0485159048255,11.169
"Train",10.9595055022515,11.131
"Train",11.0928718979802,11.129
"Train",11.1483920588217,11.356
"Train",11.0109569888917,11.378
"Train",11.2484560857048,11.319
"Train",11.3418461567629,11.278
"Train",11.2482880759654,10.991
"Train",11.2857417068492,11.048
"Train",11.0767524823051,11.117
"Train",10.9214047958888,11.54
"Train",10.996705074444,11.341
"Train",11.2040206819281,11.294
"Train",11.3518233915326,11.358
"Train",11.129592503181,11.424
"Train",11.3793837036432,11.662
"Train",11.3298076970638,11.559
"Train",11.5200633320575,11.696
"Train",11.5288054868849,11.699
"Train",11.4968465071871,11.916
"Train",11.653857819841,11.895
"Train",11.6521144447699,11.522
"Train",11.8321661394811,11.719
"Train",11.4515082090582,11.156
"Train",11.4485226639429,10.918
"Train",11.2154851593709,10.862
"Train",10.5728587069695,10.669
"Train",10.7278031858112,10.599
"Train",10.4013248907721,10.488
"Train",10.3318384957322,10.339
"Train",10.2848904877392,10.251
"Train",10.0750797988601,10.083
"Train",9.94179528492041,9.9076
"Train",9.94043058843657,9.7615
"Train",9.8057030906489,9.6647
"Train",9.69664397350494,9.5288
"Train",9.58987217456609,9.4239
"Train",9.38940612142519,9.2409
"Train",9.1801175326365,9.1254
"Train",9.12282587578023,8.8887
"Train",8.81113314878778,8.7985
"Train",8.80759481272344,8.7653
"Train",8.70214007426382,8.7816
"Train",8.75635711536604,8.6474
"Train",8.76405218657288,8.7976
"Train",8.7475611231636,8.6444
"Train",8.75462531355308,8.5913
"Train",8.82729542106735,8.5923
"Train",8.51711582845704,8.5866
"Train",8.52582745042245,8.5518
"Train",8.63567765703612,8.5705
"Train",8.52224345331223,8.5543
"Train",8.60015778724522,8.5101
"Train",8.57393317922423,8.4827
"Train",8.50687764239012,8.4701
"Train",8.4946148866278,8.4455
"Train",8.46890376787713,8.4359
"Train",8.36746641147188,8.5119
"Train",8.24827465005563,9.3696
"Train",8.24590406759039,9.8397
"Train",8.90869310821358,9.9101
"Train",9.67178350897934,9.8036
"Train",9.81532366762114,9.6316
"Train",9.95964788487956,9.5141
"Train",9.89333603850559,9.3323
"Train",9.67956642635059,9.0329
"Train",9.52270209012552,8.9455
"Train",9.03218427579114,8.8901
"Train",8.80270829083027,8.8985
"Train",8.70460371678452,8.9924
"Train",8.58320110756527,8.862
"Train",8.72859962337558,8.703
"Train",8.72760582414161,8.5779
"Train",8.55468965532926,8.4267
"Train",8.49954754355695,8.3394
"Train",8.30593396522946,8.2046
"Train",8.11971968828911,8.1048
"Train",8.02868578249748,7.9158
"Train",7.83350234897306,7.7315
"Train",7.68963561115533,7.5593
"Train",7.67692730470306,7.342
"Train",7.61363730318582,7.2018
"Train",7.39224474531687,6.9536
"Train",7.18813165438303,6.7697
"Train",6.88139180789715,6.7837
"Train",6.65441343474717,6.8108
"Train",6.5086046015107,6.6967
"Train",6.51424508364942,6.4152
"Train",6.58768953298335,6.3346
"Train",6.36825613417658,6.2796
"Train",6.16894108698472,6.335
"Train",6.05646292128384,6.4226
"Train",5.99903965317767,6.8177
"Train",6.1537086252762,6.4715
"Train",6.52469403731223,6.5619
"Train",6.55942803152447,6.5969
"Train",6.37611173002917,6.6828
"Train",6.54620971172923,6.936
"Train",6.47751906706169,6.8009
"Train",6.67946159935066,6.9594
"Train",6.85222403737531,6.808
"Train",6.86514184744987,6.6361
"Train",6.9042769976973,6.5054
"Train",6.57817655176283,6.3565
"Train",6.48369863393591,6.201
"Train",6.28056638650676,6.0542
"Train",6.16707514597469,5.9456
"Train",6.0330929976125,5.8452
"Train",5.98834296069151,5.785
"Train",5.7797493993798,5.7229
"Train",5.75174859247355,5.6901
"Train",5.61411703636794,5.6183
"Train",5.50834014263994,5.5779
"Train",5.57199638050445,5.5098
"Train",5.4426084601431,5.4233
"Train",5.34246636067267,5.2113
"Train",5.27081928178161,4.8808
"Train",5.15302263121368,4.7085
"Train",4.89794517721094,4.5478
"Train",4.68925492191971,4.3583
"Train",4.53895203058929,4.0053
"Train",4.21692189560322,4.1173
"Train",3.78476553377108,3.9289
"Train",3.68911180451346,3.4064
"Train",3.59174159912263,3.6562
"Train",3.26624817650404,3.5217
"Train",3.34207079214475,3.7028
"Train",3.42189135624591,3.4275
"Train",3.22864117032512,3.1713
"Train",3.44242776712522,3.1795
"Train",3.12673329975155,3.2505
"Train",3.09611922745106,3.3414
"Train",3.04441891576026,3.3677
"Train",3.23056493812683,3.4911
"Train",3.27679730007374,3.3792
"Train",3.3725022202617,3.65
"Train",3.42960285910941,3.4643
"Train",3.5122363964318,3.5309
"Train",3.62214395584705,3.5723
"Train",3.43233051411341,3.7609
"Train",3.57886486818969,3.5871
"Train",3.49059211270217,3.4205
"Train",3.64662965220365,3.2657
"Train",3.55157504642698,3.2729
"Train",3.43080616196567,3.0456
"Train",3.24420321314685,3.0875
"Train",3.07355603492258,3.1191
"Train",3.00142043023955,3.1154
"Train",3.14355426026743,2.8426
"Train",3.13903239475454,3.1455
"Train",3.08602323841284,3.1555
"Train",3.11890298337073,3.1467
"Train",3.30070030460604,3.1904
"Train",3.14434045183948,3.0821
"Train",3.25916486851403,3.0024
"Train",3.21509390140348,3.0186
"Train",3.09692943452129,2.9542
"Train",3.09534377965451,2.9891
"Train",3.02310010522966,3.0049
"Train",2.91675947928119,2.9551
"Train",3.06287861803364,2.9297
"Train",2.91618942719277,2.8819
"Train",2.93628597526327,2.8759
"Train",3.00159612256835,2.7946
"Train",2.90647642215187,2.683
"Train",2.85381485854701,2.771
"Train",2.86765789728836,2.815
"Train",2.84292193416123,2.9298
"Validation",2.83976768807111,2.9017
"Validation",2.91943910328883,2.8903
"Validation",3.04879605629726,2.7441
"Validation",3.04346524768773,2.8348
"Validation",3.01770672992749,2.7875
"Validation",3.012173053557,2.4559
"Validation",3.04274920664983,1.0644
"Validation",2.84257054950363,1.6609
"Validation",2.01238195279514,2.0056
"Validation",1.86504876741092,2.3492
"Validation",2.18077041021675,2.524
"Validation",1.91310883516682,2.9497
"Validation",2.53987541850098,3.014
"Validation",2.94164206334458,2.9295
"Validation",3.20591618917731,3.2229
"Validation",3.06420452632799,3.3134
"Validation",3.27657231277499,3.0698
"Validation",3.46144361777755,3.4183
"Validation",3.28178999574835,3.3473
"Validation",3.41613774847102,4.0186
"Validation",3.57494023019737,4.0562
"Validation",3.70774656712885,4.2155
"Validation",4.20671151695524,3.7163
"Validation",4.06406577762401,3.4226
"Validation",4.00021362385328,3.6058
"Validation",3.56818176341961,3.3729
"Validation",3.62112961704227,3.5181
"Validation",3.48161474028978,3.5921
"Validation",3.36019870135115,3.7235
"Validation",3.61677775597703,3.7796
"Validation",3.67010164174227,3.8216
"Validation",3.7616961198204,3.8172
"Validation",3.91326551268651,3.8432
"Validation",3.9016729789195,3.5711
"Validation",3.84845589892248,3.5661
"Validation",3.70339533805041,3.0797
"Validation",3.54053297315776,3.1203
"Validation",3.30875940020638,3.3165
"Validation",3.05056498733438,3.2334
"Validation",3.12995137650789,3.489
"Validation",3.16360467330196,3.5056
"Validation",3.29395321359058,3.4698
"Validation",3.44973985433475,3.4185
"Validation",3.47241743647299,3.4489
"Validation",3.44653568128788,3.5478
"Validation",3.29728631194348,3.5424
"Validation",3.30499781480697,3.5433
"Validation",3.400871475469,3.6519
"Validation",3.44661467963716,3.7388
"Validation",3.63367392292143,3.8263
"Validation",3.64682556810987,3.9866
"Validation",3.6449965983273,3.6578
"Validation",3.88496008814543,3.5658
"Validation",3.78353695144305,3.5852
"Validation",3.50362873629405,3.5288
"Validation",3.6010950036776,3.5516
"Validation",3.54536704014702,3.4648
"Validation",3.52474151912972,3.2295
"Validation",3.52740155154674,3.2718
"Validation",3.37004315964526,3.176
"Validation",3.26033594004379,3.3333
"Validation",3.20356899022345,3.3579
"Validation",3.18018927075679,3.415
"Validation",3.3688392248022,3.1613
"Validation",3.37304636089156,3.3778
"Validation",3.30820198785385,3.4325
"Validation",3.27298894765156,3.4907
"Validation",3.46592314017523,3.4862
"Validation",3.41084422708234,3.3619
"Validation",3.54938078827733,3.4609
"Validation",3.50749333554092,3.5829
"Validation",3.49261510243058,3.6255
"Validation",3.60802031496905,3.6373
"Validation",3.57160902780485,3.6179
"Validation",3.66752629555569,3.712
"Validation",3.59554805558443,3.766
"Validation",3.65052269085626,3.8004
"Validation",3.71383765585188,3.7843
"Validation",3.76114565932261,3.8539
"Validation",3.70612741696197,3.8642
"Validation",3.78226981792057,3.9577
"Validation",3.86048766351151,4.016
"Validation",3.93277052111759,4.0216
"Validation",3.96123583831762,3.9741
"Validation",4.0636379225643,3.9753
"Validation",3.96623548584697,3.9876
"Validation",3.94597525319675,3.9875
"Validation",3.99533468580163,3.9566
"Validation",3.98548833154714,3.6618
"Validation",3.92483782287611,3.6955
"Validation",3.8412708410586,3.7021
"Validation",3.74976673709205,3.8515
"Validation",3.75843696392243,3.8224
"Validation",3.73109974315015,3.8119
"Validation",3.86624759115434,3.9244
"Validation",3.8654272722954,3.9865
"Validation",3.94126695157955,4.0321
"Validation",4.00459455631105,4.1831
"Validation",4.05643200913621,3.9268
"Validation",4.13788436314014,4.1244
"Validation",4.11202093557206,4.2117
"Validation",4.02715142897159,4.2145
"Validation",4.30576975907352,4.1575
"Validation",4.12348328005945,4.0981
"Validation",4.21860803637029,4.3694
"Validation",4.07708849750642,4.441
"Validation",4.2099611930513,4.5854
"Validation",4.41051209041932,4.6709
"Validation",4.41426356403002,4.7507
"Validation",4.57657294047769,4.6375
"Validation",4.65850750040563,4.8323
"Validation",4.62975462921422,4.6707
"Validation",4.81121826142217,4.8079
"Validation",4.75870584670075,5.1757
"Validation",4.74510675486197,4.8437
"Validation",5.01032443697852,4.4931
"Validation",4.92490446988026,4.7587
"Validation",4.55379108051839,4.7414
"Validation",4.69772228098914,5.0044
"Validation",4.78341653035611,4.7518
"Validation",4.71526623439765,4.8706
"Validation",4.82448619218075,5.1332
"Validation",4.84885939488798,5.0495
"Validation",5.24599484050328,5.2827
"Validation",5.12513874186436,5.4381
"Validation",5.18315260162977,5.5298
"Validation",5.47726535196644,5.4909
"Validation",5.52198979342225,5.6199
"Validation",5.59611805246757,5.8361
"Validation",5.58038790115857,5.7045
"Validation",5.811869496211,5.9128
"Validation",5.79769403241587,6.3748
"Validation",5.85786043920251,6.4516
"Validation",6.22858010079156,6.5436
"Validation",6.39306540777185,6.6211
"Validation",6.46902516454691,6.4909
"Validation",6.6658830470827,6.478
"Validation",6.56826131094777,6.4991
"Validation",6.51004900732897,6.8765
"Validation",6.58482536883179,7.1382
"Validation",6.65706209140189,7.1777
"Validation",6.94392595320846,7.1917
"Validation",7.0709281234215,7.5022
"Validation",7.19941577859444,7.8636
"Validation",7.3944848225091,6.7554
"Validation",7.71544121193174,7.1471
"Validation",7.21513550212134,7.0907
"Validation",6.8776346464053,7.0709
"Validation",7.20373667230676,7.0006
"Validation",6.70224345930996,7.0078
"Validation",6.86420840295476,7.094
"Validation",6.80342201712296,6.9492
"Validation",6.86488146889064,7.1721
"Validation",6.82857951544186,6.8584
"Validation",6.99480089014596,6.7606
"Validation",7.04978405723952,6.5758
"Validation",6.72605229780991,6.6327
"Validation",6.59178038350256,6.6733
"Validation",6.44001665469722,6.8386
"Validation",6.62497928179155,6.8645
"Validation",6.73115527518012,7.1074
"Validation",6.86391263313505,6.9179
"Validation",7.08671262559481,6.9535
"Validation",7.17200935526819,7.1449
"Validation",6.98797985667557,6.8796
"Validation",7.19490244490327,6.9006
"Validation",7.17200682732101,6.9404
"Validation",7.10306623187634,7.0625
"Validation",7.24660465255446,7.4122
"Validation",7.11031733236022,7.9702
"Validation",7.265377188291,8.0131
"Validation",7.73914640459744,8.1238
"Validation",8.02203254152097,8.3269
"Validation",8.1755456097728,8.7525
"Validation",8.54829695090868,9.5213
"Validation",8.66971836173506,9.9282
"Validation",9.1751123552227,10.914
"Validation",9.80379844044772,11.924
"Validation",10.6755015781848,11.451
"Validation",11.8939306828737,12.821
"Validation",12.0311060235122,10.972
"Validation",12.7726342988316,10.538
"Validation",12.5072736297029,10.215
"Validation",10.5131100039547,10.98
"Validation",10.7086477055765,10.611
"Validation",10.3452002765298,10.39
"Validation",10.515680531242,10.428
"Validation",10.2313773219291,11.34
"Validation",10.4608418521293,11.133
"Validation",10.8867359358155,10.948
"Validation",11.2702787279575,11.06
"Validation",11.0587492127443,10.868
"Validation",11.3440650821471,11.049
"Validation",11.205422942127,10.642
"Validation",11.0516788209844,10.328
"Validation",11.0053600940922,10.176
"Validation",10.3947715037091,10.465
"Validation",10.3902069790876,10.824
"Validation",10.3486190880916,10.97
"Validation",10.6950021232092,11.47
"Validation",10.9354796947853,11.291
"Validation",11.3823052995947,11.443
"Validation",11.6279249527239,12.042
"Validation",11.5937964413597,12.68
"Validation",12.1456005430802,12.124
"Validation",12.5488820602696,12.002
"Validation",12.5825260352584,12.1
"Validation",12.3355629757005,12.488
"Validation",12.6739604626809,12.667
"Validation",12.5751625991219,12.823
"Validation",12.8154817395085,13.335
"Validation",12.997426787657,13.156
"Validation",13.5924451983883,13.411
"Validation",13.5817001589124,13.443
"Validation",13.4858217583494,13.273
"Validation",13.8461678307009,12.926
"Validation",13.4843378533565,13.206
"Validation",13.351217576985,12.794
"Validation",13.2001289680726,12.474
"Validation",12.9829334345043,12.189
"Validation",12.4035837933645,12.041
"Validation",12.3269215042693,12.244
"Validation",11.9570315623428,12.599
"Validation",12.0456260781069,12.47
"Validation",12.3400996139048,12.576
"Validation",12.4242303279427,13.193
"Validation",12.5090687881919,13.184
"Validation",13.2821295706206,12.946
"Validation",13.6447937705333,12.454
"Validation",13.4640093661325,12.214
"Validation",13.1073455648378,11.932
"Validation",12.6570138947897,11.904
"Validation",12.269674402482,11.916
"Validation",11.9231892224989,12.145
"Validation",11.895576850476,12.014
"Validation",12.058406036062,11.77
"Validation",12.2217227204614,12.085
"Validation",12.0249204527635,11.744
"Validation",12.1625708104762,11.576
"Validation",12.1443978722107,11.497
"Validation",11.6924820482644,11.871
"Validation",11.7198176495706,11.84
"Validation",11.756581150875,11.715
"Validation",11.9008274757611,11.764
"Validation",11.7914559596449,11.8
"Validation",11.9734584000941,12.247
"Validation",12.0143056815655,12.187
"Validation",12.2494451371847,12.392
"Validation",12.4435666748981,13.088
"Validation",12.4779562363075,13.506
"Validation",13.2982540816892,14.151
"Validation",13.6279960355321,14.601
"Validation",14.3523456458101,14.461
"Validation",14.766815857205,14.693
"Validation",14.9094827680939,14.92
"Validation",15.0610606927817,15.549
"Validation",15.3157093437445,16.289
"Validation",15.6046230547182,17.996
"Validation",16.5584535478547,18.773
"Validation",17.3447689893193,19.448
"Validation",19.1963664270739,19.812
"Validation",19.2692092249797,19.927
"Validation",20.3794027308167,19.957
"Validation",19.7526020201956,20.419
"Validation",19.6643103051043,19.421
"Validation",19.9131336177911,18.493
"Validation",19.110905380834,18.018
"Validation",17.5378005078092,17.363
"Validation",17.2021270419088,16.741
"Validation",16.2941667822861,16.138
"Validation",15.6639312234383,15.928
"Validation",15.0448123123014,16.034
"Validation",14.7608189345143,15.826
"Validation",14.8317525003147,15.625
"Validation",15.2651203808314,15.831
"Validation",15.292978990709,15.727
"Validation",15.5899805526822,16.746
"Validation",15.5010287273842,16.788
"Validation",16.3838163210049,16.145
"Validation",16.8496673747661,16.015
"Validation",16.3482673798215,16.796
"Validation",16.3357888005689,17.118
"Validation",16.8131574976621,17.776
"Validation",16.54885366845,18.818
"Validation",17.3937302702438,19.092
"Validation",18.0791742994773,19.316
"Validation",19.1013649081879,19.634
"Validation",19.0643665052919,19.978
"Validation",19.7669538083064,19.543
"Validation",19.7056087461484,19.126
"Validation",19.3333963317514,18.91
"Validation",18.6219852291155,19.103
"Validation",18.4039042820484,18.774
"Validation",18.3125613347144,18.583
"Validation",18.170926774254,18.011
"Validation",17.7703918716724,17.49
"Validation",17.5992662794449,16.999
"Validation",16.8809317614779,17.034
"Validation",16.4417941575231,17.035
"Validation",16.3028483848788,17.595
"Validation",16.4371901337269,17.47
"Validation",16.4945268196423,18.12
"Validation",16.8432988438404,17.497
"Validation",17.3257581945613,17.508
"Validation",17.8385137282251,17.19
"Validation",17.1283097203663,17.26
"Validation",17.3376022590724,17.883
"Validation",16.7622876166189,18.72
"Validation",17.4942755772889,19.564
"Validation",17.6911521034351,20.067
"Validation",18.7169260772692,20.027
"Validation",19.2082559946342,21.084
"Validation",19.8244241594287,20.082
"Validation",20.247831928068,20.25
"Validation",20.3332860224531,18.947
"Validation",19.1862615902205,18.761
"Validation",19.0478090832692,19.077
"Validation",17.3858708824704,19.486
"Validation",18.4379866978758,19.971
"Validation",17.7291256619547,19.739
"Validation",18.9262641190245,19.147
"Validation",18.8653974708699,19.533
"Validation",18.6904167591974,19.263
"Validation",18.7300928901407,19.154
"Validation",18.9693921618381,19.368
"Validation",18.0515229812683,19.497
"Validation",18.4547741630916,19.749
"Validation",18.7941851988932,19.695
"Validation",19.2181693394889,20.41
"Validation",19.2514301724837,20.626
"Validation",19.7931016299319,20.469
"Validation",19.6841711221005,20.756
"Validation",19.6720262318753,20.782
"Validation",20.235308477753,20.706
"Validation",20.4249222116597,21.29
"Validation",20.0705318248606,21.409
"Validation",20.5952799399322,21.682
"Validation",20.6487504466337,21.816
"Validation",20.7443934321158,21.362
"Validation",20.8651389330657,21.088
"Validation",20.3171065285334,20.946
"Validation",20.1206445857242,20.742
"Validation",20.1101839403057,20.621
"Validation",19.6635171616775,20.575
"Validation",19.6589415772871,19.963
"Validation",19.7695493780704,19.555
"Validation",19.2378323446185,19.153
"Validation",18.6748863157154,18.868
"Validation",18.3332026554016,18.908
"Validation",18.0125091724853,18.691
"Validation",18.0552093602392,18.7
"Validation",17.940469629795,18.657
"Validation",17.7802710892402,18.696
"Validation",18.0653160930529,18.892
"Validation",18.2216911135025,18.807
"Validation",18.6072226495885,18.926
"Validation",18.5946998312603,18.745
"Validation",18.5223651507371,18.833
"Validation",18.6129983769012,17.732
"Validation",18.3523897744751,17.942
"Validation",17.7041590236477,18.118
"Validation",17.0075067086181,18.045
"Validation",17.8626366641618,17.832
"Validation",17.2873517250876,17.566
"Validation",17.5093794296848,17.803
"Validation",17.3562009984405,17.549
"Validation",17.4868105492752,17.21
"Validation",17.2455230471231,17.276
"Validation",16.7708782131132,16.544
"Validation",17.0049256745503,16.659
"Validation",16.4555623058293,16.21
"Validation",16.0423115129539,16.23
"Validation",16.2302710214266,16.195
"Validation",15.6729515709527,15.848
"Validation",16.1304752507194,16.083
"Validation",15.6950060141118,15.745
"Validation",15.8910369419273,16.202
"Validation",15.887966118094,15.879
"Validation",15.77512582396,15.374
"Validation",16.128851676645,16.294
"Validation",15.1826410482868,16.224
"Validation",16.0540241242118,16.078
"Validation",16.4626459298127,17.504
"Validation",15.8976778591613,16.799
"Validation",17.4954915198811,16.962
"Validation",17.367506610203,16.948
"Validation",16.3381423193907,17.097
"Validation",17.1033260184158,17.054
"Validation",16.6734915760657,17.194
"Validation",17.0108815180994,17.635
"Validation",17.0327950282034,17.008
"Validation",17.5588109087842,17.702
"Validation",17.1679940671379,17.527
"Validation",17.2426803705225,17.707
"Validation",17.8325717883855,18.225
"Validation",17.1878997551965,17.815
"Validation",18.253509120646,17.467
"Validation",17.8308995513279,17.19
"Validation",17.0777861680864,16.993
"Validation",17.052329108027,17.157
"Validation",16.6739826298049,17.467
"Validation",16.7668499292866,17.608
"Validation",17.2085499236988,18.045
"Validation",17.4723626991717,17.919
"Validation",17.9334014894881,17.853
"Validation",18.1763289973713,17.911
"Validation",17.7568635623546,18.009
"Validation",17.8692516699373,18.134
"Validation",17.8730164152706,18.057
"Validation",18.0018924263287,17.872
"Validation",17.9285895420366,17.533
"Validation",17.7771010434802,17.418
"Validation",17.4767284639464,17.556
"Validation",17.0638394835107,18.543
"Validation",17.0809789653709,18.277
"Validation",17.8509815637022,18.227
"Validation",18.4221750202703,17.955
"Validation",18.0482271701362,18.099
"Validation",18.2725085396417,17.669
"Validation",17.8984052207562,17.548
"Validation",17.7061845413233,17.425
"Validation",17.2241214463224,17.412
"Validation",17.3536648354352,17.821
"Validation",16.7927165167887,17.809
"Validation",17.4898624135046,17.662
"Validation",17.775577955306,17.274
"Validation",17.6246923721513,17.218
"Validation",17.4779728459443,17.697
"Validation",17.0785357044243,17.628
"Validation",17.5515266289937,18.863
"Validation",17.5541891893579,19.178
"Validation",18.0386184429164,19.377
"Validation",19.5981975345705,18.933
"Validation",19.1001375898335,18.509
"Validation",19.3614034585256,18.308
"Validation",18.4243920299446,18.168
"Validation",17.9530272073969,18.023
"Validation",17.7273257635647,18.203
"Validation",17.5546783471366,18.106
"Validation",17.6973076548112,17.631
"Validation",17.9879590134757,17.446
"Validation",17.4789119783206,17.608
"Validation",17.2309140403871,17.819
"Validation",17.4403007451256,17.821
"Validation",17.611721475186,17.471
"Validation",17.7443533837623,16.851
"Validation",17.419845228556,16.903
"Validation",16.8926797639963,16.714
"Validation",16.685412110979,17.029
"Validation",16.6464507571,16.878
"Validation",16.5396772201974,16.679
"Validation",16.8293155040308,16.399
"Validation",16.5414891263365,16.64
"Validation",16.3119812260426,16.63
"Validation",16.4023442778521,16.37
"Validation",16.5370058120181,16.095
"Validation",16.3936677311538,16.113
"Validation",16.3075595304366,16.22
"Validation",16.2420234478525,16.503
"Validation",16.366298279055,16.485
"Validation",16.4962268641188,16.87
"Validation",16.6754614789034,16.711
"Validation",16.9545853984408,16.446
"Validation",16.720678238072,17.177
"Validation",16.5154645421359,17.062
"Validation",16.7010386164537,17.473
"Validation",17.273533965818,17.854
"Validation",16.9498214819857,17.988
"Validation",18.2472486594622,17.667
"Validation",18.2101674662961,18.094
"Validation",18.0094686840182,18.079
"Validation",17.9665694204242,17.856
"Validation",18.3544456275168,17.741
"Validation",17.860126412615,17.527
"Validation",17.8826137667282,17.67
"Validation",17.677855101284,17.139
"Validation",17.4599270950212,17.38
"Validation",17.2307231803752,17.404
"Validation",16.9820945196211,17.143
"Validation",17.3505681001433,16.841
"Validation",16.9593107637014,16.325
"Validation",16.8552560339877,16.358
"Validation",16.483976432099,16.321
"Validation",16.2425328292087,16.375
"Validation",16.3768951176276,16.211
"Validation",16.2655652719319,16.001
"Validation",16.3387626144293,15.454
"Validation",16.160483879671,15.293
"Validation",15.7403662342826,15.21
"Validation",15.3310138519476,14.917
"Validation",15.3877131791809,14.322
"Validation",14.9271174116073,14.365
"Validation",14.4611655559524,14.59
"Validation",14.342307799557,14.28
"Validation",14.7349065279697,14.752
"Validation",14.470560039649,14.271
"Validation",14.7200342987339,14.066
"Validation",14.9362420369428,13.938
"Validation",14.1036853857162,13.894
"Validation",14.2888701561687,13.882
"Validation",13.8876741954004,13.963
"Validation",13.9426722141836,14.1
"Validation",14.1077793961694,14.398
"Validation",14.2934495324799,14.704
"Validation",14.5678692583142,14.926
"Validation",15.1193074396808,14.618
"Validation",15.3583080976179,15.093
"Validation",15.2479113804239,14.636
"Validation",15.407992371435,13.999
"Validation",15.3396676471213,13.708
"Validation",14.124519778369,13.687
"Validation",13.9521870913645,13.542
"Validation",13.7677863005302,13.289
"Validation",13.5309045363176,13.22
"Validation",13.391334676714,13.335
"Validation",13.1705154888641,13.291
"Validation",13.3312839235107,13.256
"Validation",13.2099806942149,13.395
"Validation",13.2306779457333,13.359
"Validation",13.5386160391811,13.234
"Validation",13.5933287159267,13.153
"Validation",13.48701336945,12.959
"Validation",13.4517232268588,12.902
"Validation",13.3130766999616,12.77
"Validation",13.201504645327,13.108
"Validation",13.0553049282583,12.893
"Validation",13.084956010681,12.759
"Validation",13.2944499951779,12.732
"Validation",12.9612054125244,12.984
"Validation",13.0930492335683,13.004
"Validation",13.1112273857248,12.831
"Validation",13.2597572381039,12.733
"Validation",13.1533096483905,12.887
"Validation",13.0973461117824,12.751
"Validation",13.0658399901218,13.389
"Validation",13.1049320072705,13.025
"Validation",13.4657803511267,13.245
"Validation",13.6989008459334,13.464
"Validation",13.2716570754497,13.067
"Validation",13.9204212231315,12.827
"Validation",13.4968712574635,12.676
"Validation",13.0697079072994,12.656
"Validation",12.9912775561489,12.711
"Validation",12.8528613884382,12.421
"Validation",12.8900094142078,12.646
"Validation",12.7809352873774,12.159
"Validation",12.6803218837552,12.027
"Validation",12.6354309137791,11.956
"Validation",12.1060591833207,11.938
"Validation",12.1631694599671,11.868
"Validation",11.8920771446045,11.976
"Validation",11.7941415480279,11.799
"Validation",11.9132689257895,11.746
"Validation",11.9215069526509,11.552
"Validation",11.7672016889525,11.455
"Validation",11.8153834931646,11.33
"Validation",11.6218562600329,11.25
"Validation",11.5934663072581,11.095
"Validation",11.3873551900742,11.145
"Validation",11.2326130852538,10.954
"Validation",11.1858379478673,10.743
"Validation",11.1748695504336,10.502
"Validation",11.0031377125302,10.364
"Validation",10.8492080464834,10.275
"Validation",10.6668008184924,10.285
"Validation",10.4915155681835,10.264
"Validation",10.4302649880513,10.192
"Validation",10.376133186168,10.002
"Validation",10.2925003197272,9.85
"Validation",10.1895355302385,9.7153
"Validation",10.0338458204689,9.5807
"Validation",9.93172820927803,9.3795
"Validation",9.79322624936003,9.2969
"Validation",9.72843306725265,9.2551
"Validation",9.59204052125717,9.4371
"Validation",9.51893623881525,9.489
"Validation",9.46014345532593,9.594
"Validation",9.6092638993643,9.6201
"Validation",9.65156893737501,9.7235
"Validation",9.78424950893443,9.6097
"Validation",9.85112508752888,9.749
"Validation",9.84490159757245,9.7193
"Validation",9.90457552864967,9.6608
"Validation",10.0267381809874,9.7353
"Validation",9.9032739518469,9.6221
"Validation",9.95149983713794,9.5582
"Validation",9.82936609819608,9.5912
"Validation",9.64176808616971,9.6648
"Validation",9.73276312477349,9.6047
"Validation",9.70116615501123,9.6037
"Validation",9.60173393470745,9.9233
"Validation",9.56451244047303,10.383
"Validation",9.840760030113,10.522
"Validation",10.3401916231886,10.386
"Validation",10.6318374130739,10.197
"Validation",10.6345513618643,9.9983
"Validation",10.5955695474128,9.8534
"Validation",10.3391922150718,9.5222
"Validation",10.0517837386453,9.2563
"Validation",9.84636148706718,8.968
"Validation",9.47032634254836,8.7031
"Validation",9.08305162888711,8.5595
"Validation",8.79849862679374,8.4585
"Validation",8.61886491234856,8.2258
"Validation",8.31156717952005,8.1093
"Validation",8.1406649946243,8.0512
"Validation",7.91666359526866,7.9877
"Validation",8.04002172962603,7.9047
"Validation",7.99285149927645,7.8255
"Validation",7.94641342562801,7.736
"Validation",7.70304731890961,7.8252
"Validation",7.55013716605949,7.6559
"Validation",7.55895685776671,7.5256
"Validation",7.5550973144142,7.427
"Validation",7.35924997876242,7.3626
"Validation",7.41375315188574,7.2886
"Validation",7.34464223600001,7.1967
"Validation",7.40516381936502,7.107
"Validation",7.36628462376927,7.0352
"Validation",7.2543218432991,7.0794
"Validation",7.17971201031657,7.1466
"Validation",7.13760778610973,6.9595
"Validation",7.13744188957624,6.9321
"Validation",7.04487257186797,6.8472
"Validation",6.9021765895866,6.7792
"Validation",6.80841471279757,6.7325
"Validation",6.74236893286398,6.7194
"Validation",6.81202240941257,6.6806
"Validation",6.76050821783268,6.6341
"Validation",6.74923483739677,6.4939
"Validation",6.6893136414863,6.4302
"Validation",6.53525990853198,6.2287
"Validation",6.39137231515004,6.0678
"Validation",6.21831284333209,5.9004
"Validation",6.11493749942226,5.781
"Validation",5.98844945046634,5.6236
"Validation",5.77157022628856,5.4593
"Validation",5.58024317618268,5.2198
"Validation",5.42219655066226,5.0565
"Validation",5.21290653990328,4.9248
"Validation",5.04954996133753,4.8106
"Validation",4.69288947797347,4.6549
"Validation",4.46555940417249,4.368
"Validation",4.41022264046755,4.165
"Validation",4.25093163294924,3.9512
"Validation",4.09172594364815,3.7368
"Validation",3.88483874668093,3.5528
"Validation",3.5969479063337,2.7446
"Validation",3.35404125401473,3.375
"Validation",2.87228783254307,3.0334
"Validation",2.83870279032279,3.0134
"Validation",2.98742950658834,2.9836
"Validation",2.46985507361832,3.0654
"Validation",2.89581733287997,3.1348
"Validation",2.95271257601954,3.1178
"Validation",3.11580119218453,3.111
"Validation",3.10835512377462,3.0812
"Validation",3.00427258664202,3.0845
"Validation",2.99566113458351,3.0767
"Validation",3.08018115248675,3.019
"Validation",3.10321264722977,2.9669
"Validation",2.93084393697795,2.956
"Validation",2.952244273805,2.9311
"Validation",2.83965329846135,3.0173
"Validation",2.88103200182838,3.1471
"Validation",2.94954000231238,3.2761
"Validation",3.17334358980142,3.2649
"Validation",3.1609155694924,3.4728
"Validation",3.07119430027245,3.5078
"Validation",3.14012636389539,3.5615
"Validation",3.48405863322316,3.5064
"Validation",3.55861664328857,3.4447
"Validation",3.66072927758348,3.4616
"Validation",3.50311429904353,3.4841
"Validation",3.57979452076404,3.4593
"Validation",3.5951006089341,3.6036
"Validation",3.541496753019,3.6049
"Validation",3.57192375722839,3.5823
"Validation",3.55947172142119,3.4763
"Validation",3.50070516538383,3.4754
"Validation",3.5547956511305,3.4384
"Validation",3.49462418844951,3.373
"Validation",3.52928613616721,3.3233
"Validation",3.23525870404776,3.3291
"Validation",3.18418848319083,3.3175
"Validation",3.26892653653809,3.2683
"Validation",3.38133233975103,3.2371
"Validation",3.19799613067171,3.1729
"Validation",3.08557263182853,3.0986
"Validation",3.05945830550314,3.0719
"Validation",3.02504536058238,3.0199
"Validation",2.99322861741242,2.9672
"Validation",2.86499849685814,2.9343
"Validation",2.74263068580736,2.8939
"Validation",2.84841389940331,2.8694
"Validation",2.78709095678318,2.84
"Validation",2.84924559402454,2.7824
"Validation",2.83274757876053,2.7025
"Validation",2.83863137581504,2.5654
"Validation",2.78801428948959,2.3736
"Validation",2.69459716149683,2.033
"Validation",2.53599122766349,2.136
"Validation",2.38572562355393,1.9782
"Validation",2.31576531741673,2.0789
"Validation",2.31427635652947,2.2365
"Validation",2.22509038012424,2.2294
"Validation",2.48251376910725,2.4782
"Validation",2.51040587428488,2.514
"Validation",2.53868349140702,2.5441
"Validation",2.78030089066571,2.6138
"Validation",2.67486400583302,2.6373
"Validation",2.69766229744896,2.7245
"Validation",2.77041977713754,2.5904
"Validation",2.87945582676351,2.67
"Validation",2.82206826591121,2.6757
"Validation",2.80083287763746,2.8558
"Validation",2.95798524184401,2.8451
"Validation",2.91530780561478,2.8827
"Validation",2.92457210003176,2.6261
"Validation",2.91149755723222,2.7397
"Validation",2.91533498104694,2.507
"Validation",2.76769085815995,2.7987
"Validation",2.6946995433575,2.6565
"Validation",2.69460474533836,2.7893
"Validation",2.91711086393879,2.7922
"Validation",2.87046012673409,2.0336
"Validation",2.99193430845778,2.7724
"Validation",2.47301943149716,2.9143
"Validation",2.40128071452092,2.9093
"Validation",3.04040643160353,2.9702
"Test",2.82457788547119,3.0038
"Test",3.01053747173347,3.2176
"Test",3.0036260641515,3.4435
"Test",3.17886462643603,3.8455
"Test",3.47859700334721,3.9753
"Test",3.68538813832171,4.3335
"Test",3.96370121880201,4.8596
"Test",4.21234441525243,4.9376
"Test",4.76737291359716,5.0231
"Test",4.99991182255638,4.9484
"Test",5.06275658937707,4.8904
"Test",5.13849009487979,4.738
"Test",4.97827006677392,4.6225
"Test",4.75672709604794,4.499
"Test",4.44523154893529,4.3651
"Test",4.32958618141501,4.2192
"Test",4.25130071323709,4.1127
"Test",4.08305761277816,3.741
"Test",4.00403524799814,3.8594
"Test",3.78537350506716,3.7926
"Test",3.69277353599937,3.951
"Test",3.70791088369536,3.8467
"Test",3.72733436582998,3.9422
"Test",3.86093258221466,3.9975
"Test",3.93070013237961,4.1625
"Test",4.04072903325936,4.1195
"Test",4.07206104255813,4.0701
"Test",4.15440892184951,4.0939
"Test",4.03128715055319,4.0511
"Test",4.03719622707948,3.8988
"Test",4.00873912570778,3.8082
"Test",3.90646217484636,3.8151
"Test",3.85062740554754,4.0394
"Test",3.83182579841847,3.9883
"Test",3.93613774675738,3.9853
"Test",3.88826095517182,4.0253
"Test",3.82467044393391,4.0479
"Test",3.93976282300923,4.008
"Test",4.02679498841963,3.5303
"Test",3.93177134999588,3.9138
"Test",3.66720019036985,3.9617
"Test",3.60166442377923,4.0878
"Test",3.9147841769531,4.08
"Test",3.81888144489854,4.1747
"Test",4.0079668378452,4.3162
"Test",4.03413993894246,4.5869
"Test",4.22574443125101,5.0828
"Test",4.4923114051733,5.7754
"Test",4.93219886145955,5.2729
"Test",5.5765997723138,5.3835
"Test",5.63943569131937,5.3142
"Test",5.47439739589411,5.4028
"Test",5.71109730590671,5.4024
"Test",5.36396402346604,5.2489
"Test",5.45247251002783,5.2734
"Test",5.31117479852874,5.4555
"Test",5.2645499727826,5.5394
"Test",5.34901500783474,5.5789
"Test",5.46450301064326,5.5664
"Test",5.57044927683212,5.6841
"Test",5.56740120452343,5.8879
"Test",5.56315109333206,5.5635
"Test",5.75233886813939,5.4618
"Test",5.75423356454856,5.6132
"Test",5.52351730550397,5.5407
"Test",5.54060433246023,5.3801
"Test",5.56380583165091,5.2844
"Test",5.40420262265624,5.2551
"Test",5.31032920019803,5.3374
"Test",5.16235265225726,5.3941
"Test",5.22609610429938,5.3016
"Test",5.40236480505855,5.4131
"Test",5.33384669278583,5.3002
"Test",5.37698421540128,5.2478
"Test",5.41481620887895,5.12
"Test",5.37013158259117,5.1196
"Test",5.30437967651691,5.0839
"Test",5.14293675396417,5.0383
"Test",5.11763200272221,4.9651
"Test",5.01182666958847,4.9677
"Test",5.05951070520178,5.0538
"Test",5.05594756365577,5.1361
"Test",5.10286752723483,5.3272
"Test",5.13382856028537,5.1255
"Test",5.29704230983562,5.2462
"Test",5.31431261296221,5.3607
"Test",5.29290595626722,5.3377
"Test",5.4795461923069,5.97
"Test",5.44017531098522,6.0067
"Test",5.76527247788381,5.931
"Test",6.12615779296746,5.7368
"Test",5.97475524461504,5.7627
"Test",6.00451676673008,5.6433
"Test",5.80953999288738,5.5829
"Test",5.73731338210598,5.7312
"Test",5.58451667088543,5.6352
"Test",5.68502595468332,5.4488
"Test",5.65518985812655,5.5301
"Test",5.56961758221088,5.6848
"Test",5.57659218847227,6.0155
"Test",5.70490257134942,5.819
"Test",5.78359124710208,5.7198
"Test",5.96995404093908,5.6376
"Test",5.82331351308137,5.5326
"Test",5.85070571670475,5.573
"Test",5.62847767229379,5.6843
"Test",5.56172659509781,5.4766
"Test",5.61963807300255,5.4007
"Test",5.6392675828321,5.3843
"Test",5.53758027564972,5.2713
"Test",5.59717031048,5.2525
"Test",5.39354290139755,5.3361
"Test",5.29153833684445,5.4516
"Test",5.47868353033275,5.4699
"Test",5.53524761239213,5.4351
"Test",5.58726138953288,5.4426
"Test",5.55380906453939,5.6732
"Test",5.53967910379344,6.0089
"Test",5.72534165626242,5.7193
"Test",6.04056434549418,5.7477
"Test",5.98105267702639,6.0703
"Test",5.82388609311696,6.3205
"Test",6.09496324079644,6.1207
"Test",6.2349328320474,6.1097
"Test",6.26572765257105,6.2819
"Test",6.21064305159702,6.505
"Test",6.36515307901679,6.4083
"Test",6.46290121251058,6.149
"Test",6.51664157757323,6.4168
"Test",6.27827227444361,6.2899
"Test",6.29611484161241,6.4916
"Test",6.28912569965475,6.3885
"Test",6.33273278845832,6.2816
"Test",6.51232763571565,6.4612
"Test",6.38001804040446,6.6682
"Test",6.49596992151996,6.8486
"Test",6.65972907567365,7.5514
"Test",6.84678895094472,8.5604
"Test",7.32735234128279,8.4197
"Test",8.23163222580913,8.7257
"Test",8.60724867907676,8.6708
"Test",8.73979337347542,8.9341
"Test",9.08792772299818,9.0722
"Test",8.94873199957679,9.0514
"Test",9.12090542590919,9.0912
"Test",9.04428034503647,8.9471
"Test",9.00542658690919,9.2849
"Test",8.88695213050442,9.0851
"Test",8.92718393583658,9.0904
"Test",9.00092715692749,8.86
"Test",8.76520019058465,8.6483
"Test",8.87763158926275,9.1288
"Test",8.51584679897418,8.7909
"Test",8.73133707417489,8.6034
"Test",8.79133189654689,7.3286
"Test",8.48304636835896,8.1137
"Test",7.84321535401396,8.1726
"Test",7.54839477846773,8.4627
"Test",8.12200021263618,8.5963
"Test",7.86065566158822,9.0853
"Test",8.51657800769513,8.9739
"Test",8.85295629686787,9.2706
"Test",9.13462728118274,8.8343
"Test",9.15209207824527,8.6895
"Test",9.24224831237638,8.6568
"Test",8.72912606837519,8.8163
"Test",8.81611826062086,9.0849
"Test",8.76207943979462,9.2868
"Test",8.81820176308482,9.9313
"Test",9.05184886088777,10.173
"Test",9.53479025953593,10.867
"Test",10.059235415938,11.695
"Test",10.650168585033,12.159
"Test",11.6134374849483,12.517
"Test",12.29862508554,13.293
"Test",12.6274476565941,13.481
"Test",13.4667746243508,11.651
"Test",14.0137802083391,11.704
"Test",12.5997039103164,11.446
"Test",11.7060135175162,11.807
"Test",11.7589192650187,11.119
"Test",11.0948172619557,11.056
"Test",11.1383914084476,11.183
"Test",10.6724008929755,11.225
"Test",11.0847545114729,11.42
"Test",11.0601067598776,11.454
"Test",11.2645944807333,11.801
"Test",11.5075652797119,11.609
"Test",11.8013619576531,11.85
"Test",11.9915891532411,12.077
"Test",11.9599431255039,12.96
"Test",12.3336651193574,13.613
"Test",12.9787797012991,14.188
"Test",13.5532809767484,14.561
"Test",14.2096392357466,15.1
"Test",15.0289443878712,15.754
"Test",15.6426996270853,16.108
"Test",16.0523907543421,16.115
"Test",16.5981600141642,16.032
"Test",16.1009949627278,16.768
"Test",16.2248877579131,16.506
"Test",16.372986911292,16.219
"Test",16.7358136898076,16.229
"Test",16.0262034335419,16.05
"Test",16.3147180448551,16.123
"Test",16.0128056294971,16.309
"Test",15.7911874523426,15.587
"Test",15.7608002633013,15.001
"Test",15.5045931329038,15.245
"Test",14.7975591708049,15.962
"Test",14.9812164291757,15.881
"Test",15.414197217781,15.958
"Test",15.7033839470498,15.366
"Test",15.395082145202,15.355
"Test",15.7148241719994,15.029
"Test",14.9792304106748,14.825
"Test",14.9775872450097,14.59
"Test",14.6798260349098,14.572
"Test",14.6188870242672,14.423
"Test",14.6135991907597,14.289
"Test",14.5226755666637,14.311
"Test",14.3546154263817,14.225
"Test",14.4040058263395,14.56
"Test",14.4797778830366,15.143
"Test",14.5710459399355,14.934
"Test",14.7861268456903,15.325
"Test",14.7835887867245,15.138
"Test",14.8416285579485,15.686
"Test",15.381059622211,16.049
"Test",15.6631301801766,16.235
"Test",16.4741528293691,15.763
"Test",16.193922300955,16.183
"Test",16.2135676104544,15.825
"Test",16.1684396454305,15.676
"Test",16.197465534917,15.448
"Test",15.2248795696874,15.394
"Test",15.5944771387233,15.381
"Test",15.3599898144774,15.208
"Test",15.4488054466212,14.753
"Test",15.3071595103984,14.578
"Test",14.8731773387177,14.456
"Test",14.6298763266391,14.396
"Test",14.5515829586263,14.356
"Test",14.4211721676384,14.16
"Test",14.4442567492722,13.924
"Test",14.253087063878,13.952
"Test",14.1312261062363,13.729
"Test",14.1577142527505,13.603
"Test",13.9176449051443,13.788
"Test",13.7871301523288,14.017
"Test",14.0309945806345,14.084
"Test",14.3089445847015,14.048
"Test",14.4448154255983,14.479
"Test",14.4626753724039,14.588
"Test",14.7751005720909,14.127
"Test",15.1048014467922,14.156
"Test",14.5794605281076,14.061
"Test",14.4988114293192,13.906
"Test",14.5067314878248,13.616
"Test",14.0015010209202,13.673
"Test",13.9001869019398,13.186
"Test",13.7804462599927,12.4
"Test",13.5041757608315,12.227
"Test",12.6572790132499,12.383
"Test",12.3477261935428,12.651
"Test",12.4391991721597,12.775
"Test",12.544614253448,13.031
"Test",12.8164654269537,13.334
"Test",13.2905814460135,12.949
"Test",13.8230954148129,12.702
"Test",13.6462473401601,12.484
"Test",13.2576296545611,12.684
"Test",13.0915291473314,12.433
"Test",12.9231519076754,13.018
"Test",12.8319399396045,13.016
"Test",13.0086910042844,13.465
"Test",13.5049556325356,13.516
"Test",13.5650373530918,13.969
"Test",14.132481548003,13.646
"Test",14.1100798281005,14.043
"Test",14.3942890293778,14.705
"Test",14.1275062319653,16.817
"Test",14.8225280210657,18.994
"Test",16.0859353494075,18.327
"Test",19.5446467655461,19.105
"Test",19.1130939511025,18.351
"Test",19.5372316644891,17.106
"Test",19.9076081572489,16.518
"Test",16.8724207953197,16.577
"Test",16.2757601669034,16.645
"Test",15.9865535300506,16.46
"Test",15.9401075565672,16.323
"Test",16.0131980932964,16.077
"Test",15.9880968418021,15.85
"Test",16.0281837641617,16
"Test",15.8555297118723,15.915
"Test",15.9843586399141,16.192
"Test",16.0771602127693,16.107
"Test",16.1522367679994,15.946
"Test",16.25720092671,15.998
"Test",16.0846271367434,16.268
"Test",15.74091479882,15.971
"Test",16.2925008650965,15.64
"Test",16.0152122352096,15.454
"Test",15.8219734250511,16.21
"Test",15.8284727772433,16.945
"Test",16.198497569352,16.725
"Test",16.6432636476965,16.83
"Test",17.014067995516,17.224
"Test",17.1300660116675,17.064
"Test",17.8747095078925,16.756
"Test",17.5927738791075,16.86
"Test",17.0589340020137,16.598
"Test",17.1699791376586,16.586
"Test",16.9590864083894,16.432
"Test",16.5857130342513,16.185
"Test",16.6928050924982,17.558
"Test",16.3580827667231,17.607
"Test",17.462692037246,16.899
"Test",17.7028843062837,16.853
"Test",16.9773179634301,17.006
"Test",17.2976581657283,16.885
"Test",17.4320564773945,17.51
"Test",16.958780526781,17.272
"Test",17.4897505518421,17.262
"Test",17.8866281468453,16.899
"Test",17.3127019793788,16.677
"Test",17.464522902989,16.499
"Test",16.7950694036237,16.788
"Test",16.4346858860547,17.908
"Test",16.5771571970307,18.306
"Test",17.4684020379321,19.407
"Test",18.6401940326316,18.89
"Test",19.2160749352527,19.074
"Test",19.8525924428354,18.348
"Test",19.0084015467134,18.576
"Test",18.999166323689,18.327
"Test",18.2187106637808,18.226
"Test",18.6105197246941,18.396
"Test",17.7965112538921,18.555
"Test",18.3515719835634,19.111
"Test",17.983132530328,19.329
"Test",18.814695698314,20.381
"Test",18.813731286466,20.001
"Test",20.2308877301272,20.792
"Test",19.9253815218637,21.076
"Test",20.4296273533429,20.638
"Test",20.6502406714945,20.059
"Test",20.0305826756222,19.69
"Test",20.0095413072942,19.691
"Test",19.4937655087407,19.178
"Test",19.2840217314634,19.189
"Test",18.9587653038927,19.267
"Test",18.8087354308574,18.845
"Test",19.273901726927,18.79
"Test",18.5290907542016,19.014
"Test",18.4344305081845,18.968
"Test",18.5763766381345,19.156
"Test",18.8656439457196,19.586
"Test",19.1021839630733,19.904
"Test",19.7799455608359,19.06
"Test",19.761493442404,18.504
"Test",19.4119990573,18.526
"Test",18.4613474577386,19.244
"Test",18.5198428914413,19.918
"Test",18.7600831914753,20.173
"Test",19.718486741055,19.126
"Test",19.5614538223525,19.226
"Test",19.4737068798778,18.835
"Test",19.1796453204715,18.749
"Test",19.2779919454594,18.154
"Test",18.3396286971255,18.441
"Test",18.2629200359993,17.87
"Test",18.1568966674215,17.827
"Test",18.2633561068873,18.433
"Test",17.5345179683999,18.248
"Test",18.6519382432292,18.224
"Test",18.4959506306845,18.1
"Test",18.3543678931412,18.024
"Test",18.6701375669433,17.939
"Test",18.2783967606038,17.909
"Test",18.1931493259004,18.122
"Test",18.0359369229484,17.697
"Test",18.3102615347701,18.109
"Test",18.0341743117792,19.051
"Test",17.7670916366328,18.988
"Test",19.135036532599,19.16
"Test",18.9815718113369,19.778
"Test",19.2389541211783,20.142
"Test",19.7919362462832,20.305
"Test",20.3449177394014,20.373
"Test",20.1649133647014,20.543
"Test",20.5970956379921,20.128
"Test",20.4061812752628,20.08
"Test",20.2836124924115,19.54
"Test",19.7706313394621,19.942
"Test",19.6778291346202,20.328
"Test",19.5286107326287,20.822
"Test",20.4201646150725,20.149
"Test",20.1530655082695,20.257
"Test",20.25997745028,20.138
"Test",19.806506069838,19.987
"Test",20.4330179624941,20.058
"Test",19.7096875889186,19.884
"Test",20.0035715600357,19.904
"Test",19.9303855933006,20.611
"Test",19.7591165400708,19.656
"Test",20.3406069574778,19.584
"Test",20.0950718720815,19.656
"Test",19.212277326606,19.559
"Test",20.0845202205646,18.979
"Test",19.428371307192,18.651
"Test",18.9646724844586,18.083
"Test",18.6505232247969,18.206
"Test",18.2509697977067,18.232
"Test",17.8729892398385,18.095
"Test",18.3434256737854,18.535
"Test",17.6502979491073,18.49
"Test",18.5130180660501,17.668
"Test",18.9758131476677,17.071
"Test",17.981440069693,17.376
"Test",17.2605662287867,17.476
"Test",17.3904123395739,17.229
"Test",17.5795154281508,17.338
"Test",17.2095212874016,16.316
"Test",17.5684177400437,16.485
"Test",16.9477567811288,16.761
"Test",16.271786865928,16.797
"Test",17.1540631822321,16.763
"Test",16.8031379790259,16.845
"Test",17.0055146862426,16.636
"Test",17.2629127957538,16.141
"Test",17.0700215783321,16.246
"Test",16.4373108432046,16.543
"Test",16.2384252310395,16.952
"Test",16.6333307112512,16.212
"Test",17.0194714826069,15.999
"Test",16.503377162709,15.444
"Test",15.9922306674234,15.836
"Test",15.8500374306368,16.017
"Test",15.4921123416975,16.092
"Test",16.2254751896384,16.498
"Test",16.0726645747084,16.365
"Test",16.8168362927914,16.932
"Test",16.8980276362493,16.663
"Test",17.1383981255629,17.112
"Test",17.4366194220491,16.819
"Test",17.159009110884,16.253
"Test",17.5346291980757,16.594
"Test",16.3719760484146,16.638
"Test",16.6387942370876,16.226
"Test",16.8781377478605,15.995
"Test",16.2672337170688,16.226
"Test",15.9884716099711,16.371
"Test",16.3074960157637,15.83
"Test",16.5222242728873,15.645
"Test",16.0283455527811,15.467
"Test",15.7745017370007,15.496
"Test",15.8060037507471,15.336
"Test",15.5315470536854,15.305
"Test",15.5362168041081,15.706
"Test",15.4339123618212,15.626
"Test",15.8748264806547,15.673
"Test",16.014221911903,16.066
"Test",15.8716747625117,15.655
"Test",16.3141391449516,15.79
"Test",16.136265197735,15.806
"Test",15.8711922405943,15.71
"Test",16.2903875012565,16.056
"Test",15.8212061930829,16.333
"Test",16.1572797066241,15.614
"Test",16.6870445328685,15.049
"Test",15.9524129714381,14.506
"Test",15.1981563240858,14.264
"Test",14.8258838709432,14.112
"Test",14.1744205076632,14.025
"Test",14.0144046112919,14.198
"Test",13.9379316812399,14.301
"Test",14.195382245655,14.467
"Test",14.5376359580573,14.877
"Test",14.697781095728,15.18
"Test",15.2073558398563,14.631
"Test",15.6570703747999,14.4
"Test",15.2541503540567,14.139
"Test",14.5558362297516,13.956
"Test",14.3507214397489,13.646
"Test",13.8526618110052,13.428
"Test",13.7181892408907,13.298
"Test",13.446658326693,13.449
"Test",13.3446160009289,13.315
"Test",13.3865574885362,13.523
"Test",13.4918368506604,13.816
"Test",13.4854327704776,13.379
"Test",14.032693045144,13.233
"Test",13.7461856238894,12.978
"Test",13.3696344621531,12.889
"Test",13.2957134947763,13.055
"Test",12.8534244886719,13.363
"Test",13.0168061887127,13.081
"Test",13.2977465962934,12.664
"Test",13.3337069608799,13.101
"Test",12.9322654732419,13.01
"Test",13.0809659620555,12.806
"Test",13.2493436757016,12.562
"Test",12.7889352922125,12.488
"Test",12.8765529933878,12.517
"Test",12.6795371141534,12.563
"Test",12.6495502887462,12.748
"Test",12.6725282226085,12.759
"Test",12.8646550520025,12.77
"Test",12.9297912449424,12.957
"Test",12.9695289945982,12.958
"Test",13.1995581260007,13.176
"Test",13.2759247242746,13.229
"Test",13.3463174673757,13.49
"Test",13.509169562483,13.284
"Test",13.5059898789244,13.536
"Test",13.6570197130649,14.516
"Test",13.5899381067755,14.606
"Test",14.2841896619705,14.998
"Test",14.8438917026587,15.091
"Test",15.0591912758443,15.587
"Test",15.6320708731795,15.61
"Test",15.6010984643667,15.995
"Test",15.9456191133999,15.997
"Test",15.9758887528975,15.054
"Test",16.310768127391,15.041
"Test",15.1821082834193,14.3
"Test",14.8059105602976,13.861
"Test",14.5393252587583,13.729
"Test",13.4322030507447,13.489
"Test",13.5795526677855,13.317
"Test",13.3868965494513,12.898
"Test",13.2452717847862,12.515
"Test",12.971715826903,12.508
"Test",12.5530756086429,12.407
"Test",12.5596726027947,12.488
"Test",12.5417682589168,12.66
"Test",12.4589654281319,12.422
"Test",12.749410206113,12.633
"Test",12.6581819643822,12.852
"Test",12.6717741043662,13.001
"Test",13.0276856833791,12.898
"Test",13.0212716494042,12.827
"Test",13.0685859727429,13.238
"Test",12.9992736110665,13.544
"Test",13.1998531058369,13.193
"Test",13.6531331522769,13.225
"Test",13.4165054467556,13.158
"Test",13.2969404971373,12.998
"Test",13.3902806807379,12.925
"Test",12.9603320067748,12.874
"Test",12.906908267096,12.928
"Test",12.8703380352531,12.679
"Test",12.8762889809045,12.415
"Test",12.8016739340309,12.109
"Test",12.4645036074083,11.807
"Test",12.1772427788966,11.519
"Test",11.7692428483012,11.388
"Test",11.4909101564807,11.12
"Test",11.3257010073755,10.996
"Test",11.1288067855991,10.88
"Test",10.8844821129105,10.859
"Test",10.946273555241,10.883
"Test",10.8311339351528,11.017
"Test",10.8198746164231,10.885
"Test",10.9174158532401,11.114
"Test",10.8708911381521,11.081
"Test",10.9357196917704,11.006
"Test",11.2149076419385,11.012
"Test",10.9788725005664,11.045
"Test",11.0299200093979,10.916
"Test",11.0183170478488,11.002
"Test",10.9277423199624,10.811
"Test",10.9253370177226,10.766
"Test",10.8859192113815,10.705
"Test",10.664105394815,10.858
"Test",10.7700940831174,10.507
"Test",10.7442499311465,10.404
"Test",10.6757451695948,10.392
"Test",10.208469301606,10.535
"Test",10.2951755988256,10.664
"Test",10.2820988440723,10.831
"Test",10.5411317849227,10.698
"Test",10.6232057769371,10.874
"Test",10.6531623064774,10.632
"Test",10.6677272321345,10.495
"Test",10.6663874596298,10.628
"Test",10.3446197176609,10.885
"Test",10.6628187881994,11.224
"Test",10.8848049396648,11.033
"Test",11.0833270014266,10.846
"Test",10.9551799871358,10.597
"Test",10.6212265522942,10.357
"Test",10.4457538784016,10.283
"Test",10.0731761756374,10.023
"Test",9.90307692996379,9.9143
"Test",9.73618912518514,9.767
"Test",9.49010626523494,9.7992
"Test",9.52427336729273,9.7863
"Test",9.48845251379108,9.907
"Test",9.61691789142952,10.011
"Test",9.50452962585012,10.241
"Test",9.65756759802938,10.105
"Test",9.84550798890154,9.7744
"Test",9.87783751035669,9.7359
"Test",9.51249313344783,9.8006
"Test",9.37871574880698,9.7216
"Test",9.40018276024082,9.6873
"Test",9.32930354530477,9.7185
"Test",9.31210054877176,9.5808
"Test",9.52671173034167,9.4784
"Test",9.50005278939632,9.4678
"Test",9.22025959584387,9.3317
"Test",9.10122851707007,9.1856
"Test",8.97917101153527,9.0599
"Test",8.84456762015433,9.1428
"Test",8.75079025968884,9.0318
"Test",8.92000867376801,9.1445
"Test",8.92891162973537,9.1812
"Test",8.93378645987286,9.1347
"Test",9.03031106693297,9.1596
"Test",8.8475521777902,9.1751
"Test",8.83594858425429,9.1339
"Test",8.88989308105148,9.132
"Test",8.89871198277521,9.2584
"Test",8.91086477283533,9.2084
"Test",9.05545513553249,9.002
"Test",9.04665930132675,8.9758
"Test",8.83546985425764,9.0615
"Test",8.71690470774789,9.2327
"Test",8.96077276997763,9.2629
"Test",9.13471086143629,9.157
"Test",9.11657742234543,8.9768
"Test",8.98664299140375,8.9578
"Test",8.91134776874284,9.0747
"Test",8.81450179639785,9.1054
"Test",8.98634216568968,9.0219
"Test",8.97211882889488,8.9527
"Test",8.86795286950544,8.9193
"Test",8.80364141933198,8.9251
"Test",8.74993075764866,8.7631
"Test",8.80619053806661,8.6438
"Test",8.71577913926733,8.5587
"Test",8.40971220072063,8.4894
"Test",8.29167476318409,8.3206
"Test",8.14625902573364,8.1777
"Test",7.99104717697885,8.1035
"Test",7.9735408267846,8.0132
"Test",8.05191192917314,7.8918
"Test",7.88129635028858,7.7302
"Test",7.80844976046201,7.5748
"Test",7.49733024549195,7.2911
"Test",7.27321319255296,7.0106
"Test",7.05398518945433,6.7507
"Test",6.91886009297473,6.661
"Test",6.79424114496282,6.4999
"Test",6.68610757247905,6.3453
"Test",6.4894642494599,6.3604
"Test",6.24069212770345,6.2688
"Test",6.10802356389312,6.0727
"Test",6.07481518580221,5.869
"Test",5.91626170687279,5.7657
"Test",5.68792551009536,5.6884
"Test",5.47850404608318,5.9298
"Test",5.22440869955872,5.6525
"Test",5.3508566173532,5.7485
"Test",5.53607804303978,5.7238
"Test",5.43449627765204,5.6565
"Test",5.53724848258274,5.5041
"Test",5.45668596598512,5.3868
"Test",5.47312331051689,5.2737
"Test",5.30410223431424,5.231
"Test",5.16099008872885,5.196
"Test",5.05768047144562,5.187
"Test",5.02355760846342,5.0322
"Test",5.06102304960043,5.0283
"Test",5.0244177424904,4.9162
"Test",4.95840798580409,4.7969
"Test",4.7709101436846,4.6551
"Test",4.7870036874003,4.553
"Test",4.6121677007037,4.5228
"Test",4.55702748489177,4.4784
"Test",4.48853528407762,4.5315
"Test",4.2522227819699,4.5899
"Test",4.36982098868444,4.7249
"Test",4.44946017257565,4.9389
"Test",4.53246026223871,5.1513
"Test",4.70653091292746,5.355
"Test",5.05105598586824,5.2453
"Test",5.2752634129188,5.245
"Test",5.27127178432629,5.3897
"Test",5.23165695610202,5.6022
"Test",5.3913593870234,5.9128
"Test",5.59962684314927,6.0929
"Test",5.8920932678869,6.3256
"Test",6.12509289521914,6.6069
"Test",6.29678221966714,6.5585
"Test",6.57128568375167,6.4507
"Test",6.60857796050706,6.3418
"Test",6.48116784281832,6.2567
"Test",6.40112829529295,6.1147
"Test",6.24519503361251,6.0716
"Test",6.1163853811679,6.0473
"Test",6.01474515700169,6.1409
"Test",5.9635065116641,6.2351
