Date_GMT,Water_temperature,Water_temperature,Water_temperature,Water_temperature,Water_temperature,Water_temperature,Water_temperature,Water_temperature,Water_temperature,Water_temperature,Water_temperature,Water_temperature,Air_Temperature,Pyranometer,Wind_Speed
depth,0.5m,1m,2m,3m,4m,5m,6m,7m,8m,9m,10m,12m,,,
,6.129,5.9989,5.7594,5.7695,5.726,5.5952,5.657,5.636,5.4353,5.5408,5.3929,4.9302,7.6447,32.229,0
,5.1108,5.0995,5.0145,5.0689,5.0676,4.984,5.0821,5.0769,5.0232,5.1195,5.1112,4.8769,6.2568,23.212,1.77627464
,5.8035,5.4792,5.3084,5.3475,5.3305,5.2596,5.309,5.2918,5.1658,5.2072,5.1532,4.8862,6.7516,40.831,0.474091616
,5.8477,5.8665,5.7895,5.8598,5.8758,5.3112,5.8492,5.8421,5.7234,5.7993,5.7963,5.5158,1.4356,46.187,0.154813824
,6.5901,6.6319,6.4698,6.5529,6.5752,6.1544,6.5851,6.6341,6.2217,6.5462,6.4911,6.1159,9.8781,12.629,5.609532
,5.4951,5.5633,5.2326,5.4412,5.4878,5.2766,5.5092,5.5406,5.294,5.4828,5.4785,5.3189,7.0957,52.456,5.951608
,5.4524,5.469,5.3754,5.3752,5.3556,5.2063,5.3314,5.3282,5.2227,5.3041,5.2967,5.1354,6.3294,311.12,0.020308512
,4.4773,4.4858,4.4947,4.4439,4.4212,4.3094,4.3787,4.3568,4.2941,4.3405,4.3799,4.2822,5.311,372.12,0
,5.4552,5.5028,5.368,5.3987,5.4681,5.2596,5.4601,5.4701,5.341,5.4659,5.4458,5.2621,8.1334,360.85,9.2293648
,5.8993,5.9052,5.8621,5.7304,5.7112,5.6814,5.7135,5.6983,5.6601,5.6291,5.5817,5.6688,5.6636,395.06,2.27138464
,6.1818,6.2072,6.1606,6.1595,6.1906,6.0848,6.1739,6.1651,6.1173,6.134,6.0957,5.9677,6.4902,107.18,4.21324464
,6.6078,6.5907,6.5282,6.4278,6.4155,6.3758,6.3929,6.368,6.3498,6.3213,6.2901,6.279,5.8759,421.6,1.49258304
,6.0609,6.064,6.0246,5.9543,5.9309,5.8858,5.9234,5.9149,5.8897,5.8723,5.8571,5.8048,5.7514,393.4,2.90527976
,6.7556,6.8246,6.7627,6.7239,6.7611,6.5957,6.6906,6.6729,6.5033,6.4704,6.4051,6.0981,9.8193,407.88,6.856952
,7.9196,7.8787,7.485,7.3736,7.3524,7.3122,7.3321,7.2553,6.9322,6.817,6.7794,6.7062,6.8343,626.33,1.47473336
,8.2986,8.3046,8.0134,7.9129,7.7716,7.5891,7.4463,7.1956,7.0793,7.0538,7.0377,6.9625,7.4528,621.67,2.10116968
,8.7751,8.7591,8.5253,8.1769,8.1234,8.0245,8.0093,7.9581,7.9127,7.8699,7.8394,7.8118,13.344,729.32,2.85383976
,12.093,11.322,10.732,10.344,9.9088,9.04,8.2148,8.0085,7.9551,7.8998,7.8527,7.858,12.399,707.53,2.26433736
,14.819,14.354,12.556,11.295,10.362,9.3798,8.6691,8.2463,8.0481,7.9535,7.8898,7.898,19.326,726.14,2.56227784
,18.834,18.776,15.386,12.097,10.914,9.8018,8.965,8.3258,8.0304,7.9461,7.8832,7.8635,16.992,826.64,3.31469072
,16.003,15.943,15.415,13.282,10.723,9.449,8.6793,8.1816,8.017,7.9492,7.8811,7.8792,12.188,761.13,1.9925284
,13.991,13.996,14.036,13.995,14.012,13.97,8.9539,8.2482,8.0808,8.0227,7.9702,7.938,12.95,40.696,4.954958
,17.133,16.986,15.81,14.08,13.633,12.347,9.5933,8.3731,8.109,8.0159,7.9646,7.9246,15.542,334.99,1.8238052
,19.917,19.9,19.336,15.133,13.854,12.25,9.4858,8.439,8.1641,8.0954,8.0289,7.9807,15.966,496.08,3.00996016
,17.274,17.283,17.292,16.208,14.075,12.482,9.7905,8.469,8.2145,8.1178,8.0425,8.0159,14.233,437.4,4.79451664
,15.329,14.997,14.385,13.948,13.807,13.547,12.502,10.151,8.4528,8.1903,8.0843,8.0834,16.07,393.47,1.66233504
,16.353,16.1,15.519,15.09,14.407,13.655,12.022,9.913,8.4043,8.236,8.1704,8.0991,20.27,761.98,3.53819752
,16.62,16.636,16.039,15.354,14.592,13.644,12.358,9.3962,8.5043,8.3208,8.24,8.1847,12.928,219.92,3.09041232
,16.447,16.454,15.522,15.058,14.558,13.381,12.039,10.17,8.7525,8.4194,8.2901,8.2272,17.397,213,2.93537216
,17.898,17.22,16.29,15.892,14.762,13.628,11.881,9.792,8.6989,8.4311,8.3401,8.2554,17.576,238.33,2.78480728
,22.329,21.821,17.86,16.009,14.858,13.434,11.642,9.8099,8.7885,8.5238,8.4335,8.3531,19.848,443.35,1.57514424
,18.856,18.278,17.321,16.497,15.141,13.847,12.225,10.351,8.9986,8.6714,8.5626,8.4535,16.331,311.96,0.278825376
,16.302,16.167,16.027,15.666,15.428,14.407,12.545,10.415,9.0198,8.733,8.6408,8.5777,14.863,284.96,1.04932456
,16.791,16.068,15.505,15.242,14.993,14.019,12.171,10.391,9.21,8.7311,8.6199,8.592,17.723,337.69,1.5023052
,16.002,16.017,15.894,15.724,15.096,13.614,12.075,10.291,9.0099,8.8341,8.7178,8.6529,15.83,27.85,2.87657624
,16.723,16.576,16.314,15.753,15.238,13.911,12.426,10.21,9.051,8.8382,8.7583,8.6811,14.388,280.55,1.9166544
,14.075,14.09,14.034,13.775,13.693,13.611,13.469,12.015,9.5831,8.9563,8.7914,8.7322,12.798,41.199,1.36938424
,14.453,14.471,14.297,13.92,13.673,13.529,13.295,11.629,9.5269,8.9036,8.7935,8.696,11.437,119.07,0.61455368
,14.182,14.187,14.126,14.026,13.91,13.609,13.443,11.053,9.4233,8.9415,8.7935,8.7389,14.093,570.69,3.1116056
,13.336,13.355,13.377,13.337,13.352,13.298,13.074,10.932,9.5607,9.0431,8.9292,8.7533,12.559,97.669,5.05099648
,11.828,11.829,11.727,11.379,11.327,11.243,11.207,11.132,10.865,9.9014,9.0917,8.7906,16.499,133.05,3.42688136
,11.841,11.813,11.818,11.762,11.751,11.606,11.507,11.336,10.835,9.959,9.2886,8.902,9.4477,93.33,0.264756536
,10.805,10.822,10.819,10.758,10.76,10.723,10.748,10.724,10.673,10.609,10.22,9.0386,9.4502,296.19,4.3464228
,9.9145,9.9367,9.9592,9.9253,9.933,9.9019,9.927,9.8852,9.8706,9.8266,9.7876,9.5968,4.9455,91.302,2.19381312
,8.0466,8.0569,8.0406,7.9877,8.0111,7.9838,8.018,7.9963,7.9856,7.9329,7.9041,7.9128,9.0443,81.812,1.17879904
,7.6348,7.6578,7.6799,7.6463,7.6647,7.6292,7.6761,7.6692,7.6644,7.6078,7.6017,7.5785,8.3097,76.838,7.2617848
,7.9902,8.0034,8.0098,7.9451,7.9672,7.9425,7.992,7.9711,7.9216,7.8473,7.772,7.6599,10.273,209.82,2.7103736
,6.6136,6.6237,6.6622,6.6211,6.6338,6.6134,6.6476,6.632,6.6146,6.5624,6.5277,6.5444,6.3355,222.44,2.28722816
,5.3071,5.324,5.3743,5.3341,5.3545,5.3383,5.3776,5.3605,5.3442,5.2873,5.2415,5.2354,-0.28739,48.455,0.511025536
,4.0692,4.084,4.1254,4.1223,4.1767,4.1683,4.2805,4.2983,4.2471,4.2362,4.2535,4.2571,5.8983,149.14,1.99669504
,4.0011,4.0172,3.9927,3.9454,4.0848,4.0292,4.1669,4.1698,4.1629,4.1579,4.1307,4.119,6.1367,31.651,1.3081192
,5.8362,5.8707,5.8785,5.8271,5.8547,5.8015,5.7947,5.5842,5.525,5.3731,5.24,5.0527,7.4786,32.774,2.00569704
,4.5424,4.5537,4.6013,4.5654,4.5814,4.5607,4.5832,4.5689,4.554,4.5247,4.4916,4.5099,-2.6333,127.76,0.080158952
,4.0216,4.0355,4.0757,4.0614,4.1622,4.15,4.1477,4.1277,4.0933,4.0321,4.0093,4.0308,-2.9677,221.14,0.095873872
,4.9936,5.0141,5.0243,5.002,5.0312,4.8049,4.8268,4.7499,4.705,4.5788,4.4373,4.2819,5.1969,42.187,0.102509632
,4.7489,4.7931,4.7776,4.7326,4.7813,4.7141,4.7608,4.7637,4.7054,4.7045,4.674,4.6575,5.6614,118.5,4.44395304
,4.3348,4.4068,4.3696,4.3215,4.4022,4.3046,4.3779,4.3819,4.3337,4.3203,4.2852,4.2786,4.1977,68.8,0.018888768
,3.6553,3.7068,3.7082,3.68,3.6976,3.6614,3.7275,3.7048,3.6551,3.6421,3.6265,3.6183,1.1456,278.92,1.94474064
,3.7678,3.8378,3.8075,3.7527,3.7217,3.6677,3.705,3.6909,3.6924,3.6109,3.62,3.6291,4.1667,345.31,0.90873904
,4.0339,4.1435,4.0088,3.9641,4.0251,3.9192,4.0132,3.9105,3.8894,3.8099,3.7714,3.7719,9.3502,92.65,0.8094084
,5.509,5.4218,5.1075,4.8759,4.8084,4.6018,4.6095,4.5309,4.4153,4.2252,4.1582,4.1027,7.617,76.46,1.19320224
,5.5679,5.6245,5.5655,5.477,5.4642,5.4009,5.4594,5.4201,5.3367,5.2126,5.1509,5.0179,6.6687,140.33,3.04221304
,5.6108,5.6152,5.4757,5.4028,5.3945,5.3367,5.3584,5.3271,5.3338,5.2837,5.1949,5.2198,8.7732,534.96,2.0889784
,7.088,7.0886,6.8778,6.7211,6.6845,6.5324,6.4238,6.2179,6.1313,5.9356,5.8568,5.782,10.839,431.99,0.01100816
,7.5424,7.539,7.4129,7.1988,7.1611,7.1263,7.1223,7.0044,6.7014,6.4493,6.2325,6.0426,8.127,538.12,3.33063712
,7.7651,7.7666,7.644,7.441,7.316,7.1661,7.101,7.0298,6.9701,6.9165,6.8632,6.8151,10.712,260.32,2.40883232
,9.1546,9.1534,9.0368,8.4472,7.6764,7.265,7.1032,6.9955,6.9672,6.9136,6.8684,6.854,9.5395,495.21,5.7113832
,11.072,11.081,9.916,9.331,8.8607,8.5427,8.2568,7.7769,7.6086,7.4253,7.2858,7.1535,10.766,123.89,0.95765848
,12.279,12.283,11.562,10.963,10.593,9.4253,8.3869,7.9782,7.7647,7.6324,7.5529,7.5193,9.7545,32.607,2.23270176
,12.339,12.355,12.244,12.123,11.332,9.4822,8.6543,8.1498,7.8029,7.7094,7.6475,7.6348,8.7214,133.81,0.78929536
,11.891,11.903,11.928,11.86,11.554,9.7099,9.099,8.3164,7.8768,7.7561,7.699,7.6675,11.245,137.98,4.14050848
,11.893,11.894,11.833,11.578,11.525,11.437,11.348,10.615,9.3158,8.1793,7.9278,7.742,11.831,854.94,5.398628
,12.233,12.205,11.995,11.878,11.763,11.717,11.621,10.97,9.8676,8.7069,8.202,8.0292,12.476,463.95,3.4405644
,15.044,14.935,13.961,13.164,12.283,11.884,11.568,10.734,9.1641,8.5713,8.4037,8.2252,12.212,731.18,4.59806728
,21.954,21,16.247,14.337,12.538,11.819,11.347,10.574,9.4109,8.616,8.4391,8.2788,23.572,782.56,1.84247792
,15.375,15.35,15.181,15.099,14.371,11.944,11.398,10.441,9.2418,8.7211,8.5942,8.4298,14.109,497.11,3.204712
,19.386,19.005,17.831,15.519,14.346,12.455,11.545,10.491,9.2193,8.764,8.6198,8.5108,16.88,339.66,1.34870536
,18.72,17.771,16.182,15.69,14.943,12.788,11.464,9.9978,9.1846,8.8026,8.6936,8.5886,22.74,950.96,1.13697832
,23.764,23.266,18.848,16.232,14.938,12.865,11.51,10.423,9.2581,8.8599,8.7493,8.6755,21.619,222.36,1.3564728
,21.953,21.698,20.939,16.925,15,13.146,11.471,10.296,9.2474,8.9078,8.7964,8.7152,17.09,549.93,1.8086304
,19.67,19.503,18.811,18.125,15.778,12.99,11.648,10.638,9.5917,8.9633,8.8283,8.6859,17.258,726.32,3.1308956
,18.266,18.284,18.274,18.094,15.994,13.46,11.893,10.168,9.2189,8.9758,8.8483,8.7454,14.671,81.92,1.21480704
,17.63,17.629,17.625,17.492,16.824,14.291,12.077,10.448,9.3484,8.9828,8.9074,8.763,14.856,248.93,3.43084224
,17.043,16.91,15.813,15.329,15.01,14.448,12.795,10.712,9.6689,8.9919,8.9104,8.8278,18.39,144.57,2.16644704
,18.268,17.887,16.103,15.358,14.994,14.464,13.032,10.909,9.6548,9.0882,8.9762,8.8619,17.263,600.79,3.6308924
,16.654,16.504,16.455,16.165,15.875,13.917,12.366,10.623,9.3484,9.1059,9.0315,8.9362,15.975,200.95,1.565062
,16.517,16.455,15.717,15.537,15.414,14.817,13.057,11.293,9.6508,9.2165,9.0813,8.9951,15.937,581.67,3.40748848
,14.968,14.961,14.817,14.705,14.531,14.48,13.987,11.571,10.268,9.3362,9.161,9.0725,14.953,345.66,4.04066344
,14.38,14.385,14.286,13.99,13.841,13.736,13.443,11.516,9.862,9.2486,9.1402,9.0914,18.289,69.122,3.460626
,15.082,15.055,14.712,14.425,14.03,13.608,13.136,11.234,9.9361,9.3172,9.1857,9.0888,16.143,472.76,3.53449384
,14.148,14.15,14.127,13.996,13.893,13.768,12.96,11.075,9.6218,9.3217,9.227,9.1251,15.721,247.17,4.42456016
,14.058,14.057,14.016,13.941,13.871,13.639,13.015,11.545,9.9793,9.3893,9.2491,9.1484,16.043,92.525,3.05764504
,12.961,12.88,12.843,12.802,12.81,12.801,12.814,12.716,11.23,9.626,9.3255,9.1834,11.865,170.21,0.32545
,12.036,11.794,11.735,11.677,11.684,11.658,11.669,11.634,11.453,9.9234,9.3399,9.1775,10.945,310.68,0.23759
,11.11,11.12,11.146,11.117,11.123,11.112,11.126,11.099,11.051,10.702,9.5513,9.1904,9.9396,117.84,1.5624
,11.294,11.208,11.168,11.122,11.11,11.089,11.112,11.079,11.024,10.858,10.237,9.1984,11.409,44.6,0.02529
,10.669,10.677,10.709,10.678,10.692,10.668,10.646,10.546,10.5,10.435,10.293,9.4923,10.526,90.43,3.9382
,8.7985,8.8086,8.8344,8.8018,8.8173,8.8005,8.824,8.7926,8.772,8.74,8.6898,8.6389,6.0363,48.106,0.0051
,8.4701,8.4886,8.4989,8.455,8.4714,8.4448,8.4781,8.4556,8.4314,8.4356,8.3765,8.3657,10.461,146.33,3.4362
,8.8985,8.9039,8.9272,8.8703,8.9042,8.8744,8.8586,8.8777,8.8631,8.8624,8.7704,8.6468,12.318,25.346,6.5252
,6.9536,6.9892,7.0236,6.9846,6.9972,6.9727,6.9914,6.9617,6.9378,6.904,6.8542,6.8339,-0.12692,76.357,0.27705
,6.6828,6.6936,6.6647,6.6072,6.6252,6.5701,6.5721,6.5652,6.4772,6.441,6.368,6.3343,7.708,120.39,1.325
,5.6901,5.6979,5.7351,5.6857,5.7132,5.6907,5.7163,5.7109,5.6974,5.6935,5.6282,5.5973,7.0655,70.046,2.9021
,3.6562,3.7245,3.8899,3.8977,3.9514,3.9631,4.0143,4.0269,4.01,3.9777,3.9375,3.9471,0.36683,19.399,0.48356
,3.5723,3.7549,3.8838,3.7811,3.8091,3.8085,3.8069,3.7796,3.7993,3.7889,3.7676,3.8126,4.0795,94.307,4.1043
,3.1904,3.3867,3.4919,3.5025,3.5374,3.5718,3.6633,3.7268,3.7592,3.6389,3.7062,3.8236,0.2567,25.994,2.8856
,2.815,3.6446,3.697,3.5808,3.5772,3.7016,3.7146,3.6883,3.6559,3.6956,3.5395,4.0288,3.4754,85.363,3.086
,3.014,3.421,3.5333,3.4994,3.5625,3.5684,3.576,3.6175,3.646,3.7622,3.6834,3.8994,4.7252,70.278,0.56401
,3.5181,3.6919,3.7619,3.7741,3.7932,3.7644,3.7825,3.7982,3.7927,3.849,3.8294,3.9838,2.6683,84.187,0.1323
,3.5056,3.5543,3.5863,3.5703,3.6634,3.7547,3.79,3.807,3.7012,3.6918,3.6147,3.5685,5.641,73.711,0.02334
,3.5288,3.5303,3.5824,3.5421,3.5529,3.5494,3.5771,3.5709,3.5659,3.5487,3.5301,3.6233,3.5782,174.68,3.1253
,3.3619,3.393,3.5704,3.5443,3.5689,3.566,3.5889,3.5789,3.5651,3.5521,3.5299,3.587,1.5238,141.12,0.4593
,4.0216,4.0261,3.96,3.8574,3.8138,3.7891,3.7725,3.7388,3.7172,3.6785,3.6695,3.7628,2.6917,340.37,2.1114
,4.0321,4.0223,4.0551,4.0334,4.005,3.9494,3.9362,3.9221,3.9001,3.8034,3.806,3.8319,5.1424,475.14,0.96396
,4.8323,4.7867,4.6638,4.4491,4.3366,4.2732,4.2536,4.2233,4.2099,4.1733,4.1267,4.1482,8.1936,615.14,0.20473
,5.4381,5.4361,5.4133,5.3013,5.2371,5.2021,5.1867,5.146,5.1259,5.0202,4.8809,4.7619,7.4062,307.44,2.9868
,6.8765,6.8301,6.6186,6.415,6.3549,6.3363,6.3227,6.2231,6.0069,5.9195,5.815,5.6984,8.496,443.19,1.3355
,7.1721,7.0577,6.9956,6.9417,6.9526,6.838,6.7474,6.6495,6.5294,6.3394,6.0691,5.9217,9.6837,92.449,1.213
,6.9404,6.9459,6.9667,6.923,6.9333,6.9098,6.8831,6.7915,6.6573,6.5897,6.508,6.4993,8.7424,111,3.0458
,10.972,10.96,10.94,9.6401,7.5879,7.049,6.886,6.7881,6.7227,6.6495,6.5929,6.5784,9.8481,155.4,0.27636
,10.328,10.319,10.204,9.4746,8.0662,7.2828,7.0154,6.8384,6.7755,6.7283,6.6778,6.6727,8.8267,417.68,3.1105
,12.667,12.657,11.715,10.107,8.6262,7.4898,6.9946,6.8324,6.7935,6.7505,6.7033,6.7087,13.638,419.69,3.0877
,12.599,12.513,12.043,11.786,10.676,7.9943,7.1833,6.9057,6.8384,6.7927,6.7314,6.7464,11.712,804.49,2.3554
,12.085,12.072,11.645,11.434,11.333,9.925,7.5656,7.0052,6.8999,6.8349,6.7804,6.789,8.3968,331.86,1.8454
,14.151,13.915,13.053,12.365,11.785,10.137,8.286,7.2994,6.9426,6.8541,6.7975,6.81,14.393,787.03,1.7083
,19.421,19.354,17.72,13.459,12.342,11.039,8.3402,7.3149,6.9924,6.9367,6.8736,6.8558,12.44,483,2.6988
,16.145,16.156,15.744,15.393,12.701,10.904,8.7897,7.3568,7.0303,6.981,6.9251,6.9087,12.241,165.47,1.238
,18.774,18.779,18.172,16.218,13.618,11.436,8.9437,7.5323,7.1368,7.0309,6.9711,6.9436,14.46,196.73,0.54291
,17.883,17.476,17.077,16.837,14.502,11.793,9.2504,8.0135,7.2542,7.1021,7.0286,6.952,16.453,623.64,1.054
,19.147,19.066,18.808,17.988,15.074,11.939,9.2745,7.9406,7.3213,7.1618,7.0794,7.0032,16.6,344.58,1.5618
,21.29,20.968,20.714,19.808,15.614,11.58,9.6448,8.2752,7.4251,7.2338,7.1302,7.0722,19.588,926.51,2.1583
,18.908,18.896,18.685,18.538,17.462,12.368,9.7305,8.2032,7.4587,7.2796,7.1907,7.1193,15.695,637.87,3.5706
,17.832,17.834,17.582,17.282,16.89,13.975,10.43,8.4964,7.5618,7.3085,7.2206,7.187,16.116,204.99,0
,16.202,15.615,15.307,15.103,14.947,14.823,13.525,9.7775,8.2146,7.5264,7.3277,7.2502,16.338,256.26,1.2795
,17.008,16.26,15.709,15.053,14.757,13.925,11.888,8.6359,7.6345,7.4342,7.304,7.2325,17.276,309.2,0.84456
,17.853,17.534,16.691,15.404,14.476,13.476,11.366,8.3904,7.5689,7.4255,7.3947,7.2883,16.921,507.97,2.6865
,17.669,17.677,17.442,15.707,14.688,13.551,10.773,8.6424,7.6916,7.4901,7.4402,7.3421,13.423,283.5,2.8722
,18.933,18.802,17.31,16.552,15.165,13.494,10.579,8.6427,7.7395,7.593,7.4798,7.4098,17.824,274.05,0.96464
,16.903,16.764,16.62,16.335,15.797,13.644,11.39,8.863,7.8552,7.6604,7.591,7.4986,14.668,625.03,3.1718
,16.87,16.411,15.885,15.713,15.426,13.411,11.29,9.0023,7.8342,7.6791,7.603,7.5308,15.507,754.73,1.2501
,17.67,17.094,16.261,15.719,15.21,13.911,11.528,9.7216,8.3665,7.7674,7.6542,7.6054,16.396,447.02,2.5724
,15.21,15.203,15.163,15.062,15.041,14.591,13.359,10.952,8.8759,7.9591,7.8044,7.6923,15.919,517.45,5.2462
,14.398,14.067,13.926,13.791,13.714,13.563,13.108,10.408,8.5896,7.9518,7.7996,7.7279,16.962,419.89,1.1874
,13.256,13.12,13.076,13.01,12.945,12.853,12.618,10.199,8.4875,7.9412,7.8305,7.7614,14.232,142.98,0.52513
,12.831,12.807,12.795,12.654,12.47,12.331,12.135,11.067,9.1329,8.1507,7.8957,7.7899,14.02,194.58,2.538
,12.646,12.326,12.143,12.079,12.082,12.02,12.031,11.522,8.626,8.1374,8.0138,7.8695,10.295,457.44,1.3766
,11.145,11.119,11.052,10.983,10.994,10.946,11.001,10.934,9.3706,8.1695,8.0148,7.8932,10.757,285.62,2.7248
,9.2969,9.283,9.3086,9.265,9.2726,9.2237,9.2719,9.2465,9.196,8.9081,8.3813,7.9327,7.8915,52.164,0.00252
,9.5912,9.5918,9.6299,9.5893,9.5918,9.5483,9.5916,9.5585,9.4851,9.1618,8.9076,8.0339,11.823,69.859,4.047
,8.7031,8.7047,8.7496,8.7128,8.7239,8.6891,8.7444,8.7307,8.7261,8.6869,8.6607,8.695,7.9242,159.36,7.3946
,7.3626,7.371,7.4071,7.3616,7.3725,7.3364,7.3919,7.3737,7.3647,7.3229,7.2907,7.3077,4.5376,104.1,0.10483
,6.6341,6.6455,6.6807,6.6303,6.636,6.5924,6.6489,6.6314,6.624,6.5899,6.5614,6.587,6.5002,135.78,1.4824
,4.368,4.3736,4.425,4.3752,4.3894,4.3414,4.4023,4.3861,4.3794,4.3486,4.3185,4.3549,2.4385,175.17,4.5172
,3.0812,3.4578,3.5819,3.5611,3.6038,3.6089,3.6849,3.6668,3.6563,3.6538,3.6551,3.8552,-1.6918,91.387,0
,3.5064,3.6312,3.6559,3.6818,3.7381,3.4927,3.4753,3.4921,3.4966,3.5113,3.5189,3.9271,6.0123,78.463,2.7878
,3.3175,3.7309,3.737,3.6335,3.6255,3.5645,3.6763,3.7955,3.774,3.6533,3.673,4.1384,-9.745,74.96,0
,2.5654,3.4964,3.6005,3.508,3.5051,3.4918,3.6538,3.6904,3.677,3.6372,3.668,4.0712,1.5495,32.288,0.0187
,2.5904,3.4104,3.6496,3.6098,3.6194,3.6068,3.6722,3.6391,3.6686,3.6502,3.7298,4.028,4.8878,11.208,3.2561
,2.7724,3.1345,3.2205,3.6145,3.6187,3.6627,3.7183,3.7547,3.7862,3.4623,3.4713,4.1662,5.408,139.62,1.7619
,4.8904,4.8907,4.8991,4.8454,4.8365,4.7937,4.8495,4.7538,4.6536,4.5708,4.5195,4.3195,0.31901,121.89,0.20559
,4.1625,4.0521,4.0864,4.056,4.0748,4.0285,4.0721,4.0542,4.0455,4.0261,4.016,4.1369,7.2595,125.53,0.19745
,3.5303,3.6409,3.8998,3.9237,3.9903,3.9591,3.9792,3.9721,3.9425,3.8999,3.8386,3.8405,8.8021,150.57,2.7249
,5.4024,5.3927,5.3625,5.3189,5.3283,5.2804,5.3165,5.2789,5.2599,5.2067,5.1348,5.1339,5.0397,191.5,1.4543
,5.2844,5.2823,5.3042,5.2683,5.2659,5.2287,5.2829,5.2649,5.2547,5.2227,5.1648,5.0943,5.1482,96.443,2.5808
,5.0538,4.9911,5.0033,4.9726,4.9861,4.9526,5.0074,5.0005,5.0003,4.987,4.941,4.9665,4.5316,67.707,0.02764
,5.7312,5.5037,5.5046,5.4699,5.4514,5.4223,5.4791,5.4584,5.4369,5.4257,5.3671,5.3271,5.663,216.87,0.21253
,5.3843,5.3642,5.2896,5.2571,5.2549,5.2186,5.2738,5.251,5.2331,5.217,5.1297,5.093,3.622,198.9,1.4403
,6.1207,6.1135,6.0728,5.8586,5.6843,5.5611,5.5998,5.5649,5.5405,5.5018,5.4511,5.4446,5.5862,34.841,0.00184
,7.5514,7.4537,6.7681,6.6033,6.5435,6.3539,6.0296,5.8138,5.6796,5.6143,5.5672,5.6,11.743,607.14,1.6168
,8.6483,8.5635,8.4708,7.2184,6.5878,6.2401,6.1055,5.8833,5.8146,5.7424,5.6957,5.7053,6.1086,63.134,0.09921
,8.6568,8.6544,8.6729,8.6174,8.5226,8.351,8.3758,8.1817,7.7264,6.867,6.3683,6.2402,10.663,122.99,3.5557
,11.446,11.391,10.954,9.7235,9.508,9.1231,8.7678,8.2606,7.5841,7.1138,6.852,6.674,10.044,575.84,0
,14.188,13.156,11.696,10.711,9.8139,9.1306,8.5868,7.9935,7.3549,7.0727,6.9739,6.9097,17.035,734.92,0
,15.587,15.586,15.413,11.839,10.046,9.0127,8.5288,7.6959,7.2819,7.148,7.0706,6.989,12.088,483.13,1.1114
,14.311,14.292,14.169,13.919,13.435,9.3035,8.5311,7.9779,7.425,7.273,7.1774,7.0928,10.787,643.59,2.7086
,15.448,15.438,15.09,13.716,11.481,9.5737,8.4985,7.7902,7.4274,7.3216,7.2568,7.2033,14.346,665.76,5.3493
,13.788,13.769,13.728,13.345,12.972,11.115,8.9534,8.2251,7.6096,7.371,7.2876,7.2492,12.743,540.5,3.8054
,12.227,12.232,12.258,12.215,12.128,11.937,11.811,10.121,7.962,7.4856,7.3904,7.3236,10.418,373.72,5.0084
,13.516,13.464,12.889,12.522,12.365,12.174,11.755,10.688,8.9069,7.6838,7.4092,7.3434,12.356,726.72,3.4847
,16.46,16.461,15.404,13.799,12.94,12.269,11.435,9.1604,7.9531,7.6742,7.5584,7.4526,12.867,462.52,3.748
,16.21,15.659,15.323,14.917,13.178,12.279,11.547,10.196,8.4995,7.7941,7.6527,7.534,15.654,669.2,1.9222
,16.899,16.875,16.245,15.763,14.037,12.174,10.889,9.3786,8.2026,7.8714,7.7728,7.6761,13.705,156.78,2.858
,18.89,18.395,16.605,15.686,14.295,12.461,11.429,10.398,8.8604,8.0447,7.883,7.768,16.485,862.14,0.08946
,20.638,20.378,18.307,16.796,14.951,12.709,11.033,9.6187,8.3285,8.0432,7.943,7.865,19.458,377.58,2.7859
,19.06,19.062,18.769,16.155,14.702,12.637,11.522,10.463,8.9144,8.198,8.0609,7.9602,15.825,187,2.6211
,18.433,18.204,17.373,16.686,14.944,13.18,11.253,9.9149,8.7998,8.2432,8.1377,8.03,15.762,374.23,1.1461
,20.142,19.167,17.905,16.488,14.823,12.833,11.08,9.6512,8.6095,8.2764,8.1533,8.0641,18.392,739.31,1.2787
,20.058,19.761,18.394,16.74,15.206,13.07,11.546,9.5865,8.5871,8.2811,8.2113,8.119,18.816,651.17,2.1489
,18.535,18.153,17.94,17.52,14.785,13.2,11.373,9.6675,8.6797,8.3174,8.2294,8.1363,15.387,800.15,1.4274
,16.636,16.521,15.692,15.411,15.187,14.237,12.258,10.323,9.0942,8.4483,8.3183,8.235,15.989,261.55,3.6994
,16.663,16.41,15.726,15.143,14.67,13.671,12,10.039,8.8721,8.4751,8.3692,8.2597,16.673,325.41,0.79346
,15.336,15.347,15.175,15.045,14.789,13.351,11.638,9.6975,8.6485,8.4738,8.3908,8.3217,13.873,110.74,1.2568
,14.506,14.503,14.473,14.312,14.066,13.812,13.513,11.603,9.4393,8.7106,8.4412,8.3927,14.561,406.97,6.3102
,13.428,13.426,13.447,13.416,13.416,13.354,13.328,12.462,11.126,8.7686,8.569,8.4771,13.847,406.37,6.8795
,13.101,13.081,12.808,12.661,12.608,12.465,12.4,12.194,11.726,10.492,8.5975,8.4662,14.427,542.08,2.3221
,13.49,13.261,13.014,12.809,12.711,12.527,12.496,12.268,11.673,10.119,8.6858,8.4686,15.436,101.73,1.6385
,13.861,13.853,13.762,13.314,12.739,12.56,12.454,12.161,11.556,9.7869,9.0609,8.6847,12.996,130.27,0
,12.898,12.904,12.915,12.838,12.827,12.722,12.641,12.376,12.194,11.72,10.587,8.9753,13.745,71.992,1.7436
,11.807,11.819,11.849,11.822,11.833,11.774,11.841,11.812,11.772,11.647,10.758,8.9797,9.16,205.59,5.8
,11.045,11.048,11.062,10.965,10.921,10.852,10.905,10.845,10.807,10.704,10.557,9.127,12.886,157.28,3.0252
,10.874,10.879,10.785,10.51,10.43,10.343,10.402,10.366,10.342,10.283,10.181,9.9634,11.533,102.23,1.8712
,9.7992,9.7918,9.7925,9.7552,9.7299,9.6641,9.7073,9.6781,9.6474,9.6006,9.5672,9.558,11.069,36.423,0.96568
,9.4678,9.4654,9.4566,9.414,9.4233,9.3714,9.4432,9.4189,9.4138,9.3872,9.3424,9.3677,10.789,168.99,1.6114
,9.2084,9.1766,9.1659,9.1168,9.1307,9.0492,9.085,9.0371,9.0219,8.986,8.9479,8.9495,8.9188,72.348,0.39725
,8.9251,8.9288,8.9583,8.922,8.933,8.8775,8.9474,8.9308,8.9219,8.8861,8.8522,8.8741,11.12,19.681,2.9701
,6.7507,6.7593,6.7972,6.7677,6.7764,6.6981,6.7597,6.7346,6.7148,6.6655,6.6049,6.4327,4.0767,122.86,1.5752
,5.6565,5.6592,5.6924,5.6664,5.676,5.619,5.7013,5.6754,5.6664,5.6491,5.614,5.6431,5.8563,67.876,6.453
,4.4784,4.4927,4.5252,4.5042,4.5137,4.4598,4.542,4.528,4.5273,4.5003,4.4756,4.4927,6.0626,38.409,1.765
,6.6069,6.6036,6.5345,6.4582,6.4454,6.3758,6.4223,6.3605,6.3304,6.2527,5.9401,5.7207,7.3774,43.895,0.89933
